ERC report (2026-01-20T12:42:10+0100, Encoding UTF8)

***** Sheet /
[power_pin_not_driven]: Input Power pin not driven by any Output Power pins
    ; error
    @(24.13 mm, 148.59 mm): Symbol #PWR01 Hidden pin 1 [+12V, Power input, Line]
[lib_symbol_mismatch]: Symbol '+12V' doesn't match copy in library 'power'
    ; warning
    @(26.67 mm, 50.80 mm): Symbol #PWR06 [+12V]
[lib_symbol_mismatch]: Symbol '+5V' doesn't match copy in library 'power'
    ; warning
    @(26.67 mm, 53.34 mm): Symbol #PWR05 [+5V]
[lib_symbol_mismatch]: Symbol 'Earth' doesn't match copy in library 'power'
    ; warning
    @(26.67 mm, 60.96 mm): Symbol #PWR07 [Earth]
[lib_symbol_mismatch]: Symbol 'Earth' doesn't match copy in library 'power'
    ; warning
    @(26.67 mm, 63.50 mm): Symbol #PWR08 [Earth]
[footprint_link_issues]: The current configuration does not include the footprint library 'muxlib_footprints'.
    ; warning
    @(21.59 mm, 85.09 mm): Symbol J5 [Conn_01x02]
[lib_symbol_mismatch]: Symbol 'Earth' doesn't match copy in library 'power'
    ; warning
    @(74.93 mm, 58.42 mm): Symbol #PWR0161 [Earth]
[footprint_link_issues]: The current configuration does not include the footprint library 'muxlib_footprints'.
    ; warning
    @(21.59 mm, 96.52 mm): Symbol J6 [Conn_01x02]
[lib_symbol_mismatch]: Symbol '+5V' doesn't match copy in library 'power'
    ; warning
    @(80.01 mm, 58.42 mm): Symbol #PWR0162 [+5V]
[lib_symbol_mismatch]: Symbol '+5V' doesn't match copy in library 'power'
    ; warning
    @(29.21 mm, 120.65 mm): Symbol #PWR0164 [+5V]
[lib_symbol_mismatch]: Symbol 'Earth' doesn't match copy in library 'power'
    ; warning
    @(34.29 mm, 120.65 mm): Symbol #PWR0163 [Earth]
[lib_symbol_mismatch]: Symbol '+12V' doesn't match copy in library 'power'
    ; warning
    @(24.13 mm, 148.59 mm): Symbol #PWR01 [+12V]
[lib_symbol_mismatch]: Symbol '+5V' doesn't match copy in library 'power'
    ; warning
    @(24.13 mm, 151.13 mm): Symbol #PWR02 [+5V]
[lib_symbol_mismatch]: Symbol 'Earth' doesn't match copy in library 'power'
    ; warning
    @(24.13 mm, 158.75 mm): Symbol #PWR03 [Earth]
[lib_symbol_mismatch]: Symbol 'Earth' doesn't match copy in library 'power'
    ; warning
    @(24.13 mm, 161.29 mm): Symbol #PWR04 [Earth]
[global_label_dangling]: Global label not connected anywhere else in the schematic
    ; warning
    @(182.88 mm, 231.14 mm): Global Label 'CH_13'
[footprint_link_issues]: The current configuration does not include the footprint library 'muxlib_footprints'.
    ; warning
    @(347.98 mm, 83.82 mm): Symbol J4 [Conn_01x12]
[footprint_link_issues]: The current configuration does not include the footprint library 'muxlib_footprints'.
    ; warning
    @(347.98 mm, 115.57 mm): Symbol J3 [Conn_01x12]
[lib_symbol_mismatch]: Symbol 'Earth' doesn't match copy in library 'power'
    ; warning
    @(374.65 mm, 27.94 mm): Symbol #PWR0165 [Earth]
[lib_symbol_mismatch]: Symbol 'Earth' doesn't match copy in library 'power'
    ; warning
    @(374.65 mm, 36.83 mm): Symbol #PWR0166 [Earth]
[lib_symbol_mismatch]: Symbol 'Earth' doesn't match copy in library 'power'
    ; warning
    @(374.65 mm, 45.72 mm): Symbol #PWR0167 [Earth]
[lib_symbol_mismatch]: Symbol 'Earth' doesn't match copy in library 'power'
    ; warning
    @(374.65 mm, 54.61 mm): Symbol #PWR0168 [Earth]
[lib_symbol_mismatch]: Symbol '+5V' doesn't match copy in library 'power'
    ; warning
    @(137.16 mm, 76.20 mm): Symbol #PWR09 [+5V]
[lib_symbol_mismatch]: Symbol '74LVC3G34' doesn't match copy in library '74xGxx'
    ; warning
    @(137.16 mm, 78.74 mm): Symbol U1 [74LVC3G34]
[lib_symbol_mismatch]: Symbol 'Earth' doesn't match copy in library 'power'
    ; warning
    @(137.16 mm, 81.28 mm): Symbol #PWR010 [Earth]
[lib_symbol_mismatch]: Symbol '74LVC3G34' doesn't match copy in library '74xGxx'
    ; warning
    @(137.16 mm, 91.44 mm): Symbol U1 [74LVC3G34]
[lib_symbol_mismatch]: Symbol '74LVC3G34' doesn't match copy in library '74xGxx'
    ; warning
    @(137.16 mm, 104.14 mm): Symbol U1 [74LVC3G34]
[lib_symbol_mismatch]: Symbol '+5V' doesn't match copy in library 'power'
    ; warning
    @(180.34 mm, 43.18 mm): Symbol #PWR013 [+5V]
[lib_symbol_mismatch]: Symbol 'Earth' doesn't match copy in library 'power'
    ; warning
    @(180.34 mm, 50.80 mm): Symbol #PWR014 [Earth]
[lib_symbol_mismatch]: Symbol '+5V' doesn't match copy in library 'power'
    ; warning
    @(138.43 mm, 127.00 mm): Symbol #PWR011 [+5V]
[lib_symbol_mismatch]: Symbol '74LVC3G34' doesn't match copy in library '74xGxx'
    ; warning
    @(138.43 mm, 129.54 mm): Symbol U2 [74LVC3G34]
[lib_symbol_mismatch]: Symbol 'Earth' doesn't match copy in library 'power'
    ; warning
    @(138.43 mm, 132.08 mm): Symbol #PWR012 [Earth]
[lib_symbol_mismatch]: Symbol '74LVC3G34' doesn't match copy in library '74xGxx'
    ; warning
    @(138.43 mm, 142.24 mm): Symbol U2 [74LVC3G34]
[lib_symbol_mismatch]: Symbol '+5V' doesn't match copy in library 'power'
    ; warning
    @(198.12 mm, 41.91 mm): Symbol #PWR015 [+5V]
[lib_symbol_mismatch]: Symbol 'Earth' doesn't match copy in library 'power'
    ; warning
    @(198.12 mm, 49.53 mm): Symbol #PWR016 [Earth]
[lib_symbol_mismatch]: Symbol '74LVC3G34' doesn't match copy in library '74xGxx'
    ; warning
    @(139.70 mm, 153.67 mm): Symbol U2 [74LVC3G34]
[lib_symbol_mismatch]: Symbol '+5V' doesn't match copy in library 'power'
    ; warning
    @(38.10 mm, 49.53 mm): Symbol #PWR0152 [+5V]
[lib_symbol_mismatch]: Symbol 'Earth' doesn't match copy in library 'power'
    ; warning
    @(35.56 mm, 52.07 mm): Symbol #PWR0151 [Earth]
[lib_symbol_mismatch]: Symbol '+5V' doesn't match copy in library 'power'
    ; warning
    @(31.75 mm, 62.23 mm): Symbol #PWR0149 [+5V]
[lib_symbol_issues]: The current configuration does not include the symbol library 'muxlib'
    ; warning
    @(59.69 mm, 39.37 mm): Symbol U14 [TPIC6C596]
[lib_symbol_mismatch]: Symbol 'Earth' doesn't match copy in library 'power'
    ; warning
    @(31.75 mm, 69.85 mm): Symbol #PWR0150 [Earth]
[lib_symbol_mismatch]: Symbol '+12V' doesn't match copy in library 'power'
    ; warning
    @(45.72 mm, 119.38 mm): Symbol #PWR0153 [+12V]
[footprint_link_issues]: The current configuration does not include the footprint library 'muxlib_footprints'.
    ; warning
    @(35.56 mm, 129.54 mm): Symbol K89 [AGQ200S12Z]
[lib_symbol_issues]: The current configuration does not include the symbol library 'muxlib'
    ; warning
    @(35.56 mm, 129.54 mm): Symbol K89 [AGQ200S12Z]
[lib_symbol_mismatch]: Symbol '+12V' doesn't match copy in library 'power'
    ; warning
    @(74.93 mm, 119.38 mm): Symbol #PWR0154 [+12V]
[footprint_link_issues]: The current configuration does not include the footprint library 'muxlib_footprints'.
    ; warning
    @(64.77 mm, 129.54 mm): Symbol K90 [AGQ200S12Z]
[lib_symbol_issues]: The current configuration does not include the symbol library 'muxlib'
    ; warning
    @(64.77 mm, 129.54 mm): Symbol K90 [AGQ200S12Z]
[lib_symbol_mismatch]: Symbol '+12V' doesn't match copy in library 'power'
    ; warning
    @(107.95 mm, 119.38 mm): Symbol #PWR0155 [+12V]
[footprint_link_issues]: The current configuration does not include the footprint library 'muxlib_footprints'.
    ; warning
    @(96.52 mm, 129.54 mm): Symbol K91 [AGQ200S12Z]
[lib_symbol_issues]: The current configuration does not include the symbol library 'muxlib'
    ; warning
    @(96.52 mm, 129.54 mm): Symbol K91 [AGQ200S12Z]
[footprint_link_issues]: The current configuration does not include the footprint library 'muxlib_footprints'.
    ; warning
    @(125.73 mm, 129.54 mm): Symbol K92 [AGQ200S12Z]
[lib_symbol_issues]: The current configuration does not include the symbol library 'muxlib'
    ; warning
    @(125.73 mm, 129.54 mm): Symbol K92 [AGQ200S12Z]
[lib_symbol_mismatch]: Symbol '+12V' doesn't match copy in library 'power'
    ; warning
    @(137.16 mm, 119.38 mm): Symbol #PWR0156 [+12V]
[footprint_link_issues]: The current configuration does not include the footprint library 'muxlib_footprints'.
    ; warning
    @(161.29 mm, 130.81 mm): Symbol K93 [AGQ200S12Z]
[lib_symbol_issues]: The current configuration does not include the symbol library 'muxlib'
    ; warning
    @(161.29 mm, 130.81 mm): Symbol K93 [AGQ200S12Z]
[lib_symbol_mismatch]: Symbol '+12V' doesn't match copy in library 'power'
    ; warning
    @(171.45 mm, 120.65 mm): Symbol #PWR0157 [+12V]
[footprint_link_issues]: The current configuration does not include the footprint library 'muxlib_footprints'.
    ; warning
    @(190.50 mm, 130.81 mm): Symbol K94 [AGQ200S12Z]
[lib_symbol_issues]: The current configuration does not include the symbol library 'muxlib'
    ; warning
    @(190.50 mm, 130.81 mm): Symbol K94 [AGQ200S12Z]
[lib_symbol_mismatch]: Symbol '+12V' doesn't match copy in library 'power'
    ; warning
    @(200.66 mm, 120.65 mm): Symbol #PWR0158 [+12V]
[footprint_link_issues]: The current configuration does not include the footprint library 'muxlib_footprints'.
    ; warning
    @(222.25 mm, 130.81 mm): Symbol K95 [AGQ200S12Z]
[lib_symbol_issues]: The current configuration does not include the symbol library 'muxlib'
    ; warning
    @(222.25 mm, 130.81 mm): Symbol K95 [AGQ200S12Z]
[lib_symbol_mismatch]: Symbol '+12V' doesn't match copy in library 'power'
    ; warning
    @(233.68 mm, 120.65 mm): Symbol #PWR0159 [+12V]
[footprint_link_issues]: The current configuration does not include the footprint library 'muxlib_footprints'.
    ; warning
    @(251.46 mm, 130.81 mm): Symbol K96 [AGQ200S12Z]
[lib_symbol_issues]: The current configuration does not include the symbol library 'muxlib'
    ; warning
    @(251.46 mm, 130.81 mm): Symbol K96 [AGQ200S12Z]
[lib_symbol_mismatch]: Symbol '+12V' doesn't match copy in library 'power'
    ; warning
    @(262.89 mm, 120.65 mm): Symbol #PWR0160 [+12V]

***** Sheet /buffer/
[multiple_net_names]: Both +5V and VCC are attached to the same items; +5V will be used in the netlist
    ; warning
    @(137.16 mm, 76.20 mm): Symbol #PWR09 Hidden pin 1 [+5V, Power input, Line]
    @(137.16 mm, 93.98 mm): Symbol U1 Hidden pin 8 [VCC, Power input, Line]
[multiple_net_names]: Both Earth and GND are attached to the same items; Earth will be used in the netlist
    ; warning
    @(180.34 mm, 50.80 mm): Symbol #PWR014 Hidden pin 1 [Earth, Power input, Line]
    @(139.70 mm, 156.21 mm): Symbol U2 Hidden pin 4 [GND, Power input, Line]
[similar_labels]: Labels are similar (lower/upper case difference only)
    ; warning
    @(146.05 mm, 153.67 mm): Hierarchical Label 'Serial_return'
    @(80.01 mm, 128.27 mm): Global Label 'serial_return'
[similar_labels]: Labels are similar (lower/upper case difference only)
    ; warning
    @(146.05 mm, 153.67 mm): Hierarchical Label 'Serial_return'
    @(26.67 mm, 30.48 mm): Global Label 'serial_return'

***** Sheet /Relay_group1/
[power_pin_not_driven]: Input Power pin not driven by any Output Power pins
    ; error
    @(46.99 mm, 49.53 mm): Symbol U14 Pin 1 [VCC, Power input, Line]
[power_pin_not_driven]: Input Power pin not driven by any Output Power pins
    ; error
    @(46.99 mm, 52.07 mm): Symbol U14 Pin 16 [GND, Power input, Line]
[similar_labels]: Labels are similar (lower/upper case difference only)
    ; warning
    @(38.10 mm, 29.21 mm): Hierarchical Label 'Synchronous_clear'
    @(224.79 mm, 90.17 mm): Global Label 'synchronous_clear'
[similar_labels]: Labels are similar (lower/upper case difference only)
    ; warning
    @(38.10 mm, 29.21 mm): Hierarchical Label 'Synchronous_clear'
    @(139.70 mm, 54.61 mm): Global Label 'synchronous_clear'
[similar_labels]: Labels are similar (lower/upper case difference only)
    ; warning
    @(38.10 mm, 29.21 mm): Hierarchical Label 'Synchronous_clear'
    @(224.79 mm, 195.58 mm): Global Label 'synchronous_clear'
[similar_labels]: Labels are similar (lower/upper case difference only)
    ; warning
    @(38.10 mm, 29.21 mm): Hierarchical Label 'Synchronous_clear'
    @(224.79 mm, 229.87 mm): Global Label 'synchronous_clear'
[similar_labels]: Labels are similar (lower/upper case difference only)
    ; warning
    @(38.10 mm, 29.21 mm): Hierarchical Label 'Synchronous_clear'
    @(88.90 mm, 38.10 mm): Global Label 'synchronous_clear'
[similar_labels]: Labels are similar (lower/upper case difference only)
    ; warning
    @(38.10 mm, 29.21 mm): Hierarchical Label 'Synchronous_clear'
    @(139.70 mm, 160.02 mm): Global Label 'synchronous_clear'
[similar_labels]: Labels are similar (lower/upper case difference only)
    ; warning
    @(38.10 mm, 29.21 mm): Hierarchical Label 'Synchronous_clear'
    @(139.70 mm, 195.58 mm): Global Label 'synchronous_clear'
[similar_labels]: Labels are similar (lower/upper case difference only)
    ; warning
    @(38.10 mm, 29.21 mm): Hierarchical Label 'Synchronous_clear'
    @(224.79 mm, 160.02 mm): Global Label 'synchronous_clear'
[similar_labels]: Labels are similar (lower/upper case difference only)
    ; warning
    @(38.10 mm, 29.21 mm): Hierarchical Label 'Synchronous_clear'
    @(139.70 mm, 124.46 mm): Global Label 'synchronous_clear'
[similar_labels]: Labels are similar (lower/upper case difference only)
    ; warning
    @(38.10 mm, 29.21 mm): Hierarchical Label 'Synchronous_clear'
    @(139.70 mm, 229.87 mm): Global Label 'synchronous_clear'
[similar_labels]: Labels are similar (lower/upper case difference only)
    ; warning
    @(38.10 mm, 29.21 mm): Hierarchical Label 'Synchronous_clear'
    @(139.70 mm, 90.17 mm): Global Label 'synchronous_clear'
[similar_labels]: Labels are similar (lower/upper case difference only)
    ; warning
    @(38.10 mm, 29.21 mm): Hierarchical Label 'Synchronous_clear'
    @(224.79 mm, 124.46 mm): Global Label 'synchronous_clear'
[similar_labels]: Labels are similar (lower/upper case difference only)
    ; warning
    @(38.10 mm, 29.21 mm): Hierarchical Label 'Synchronous_clear'
    @(224.79 mm, 54.61 mm): Global Label 'synchronous_clear'
[similar_labels]: Labels are similar (lower/upper case difference only)
    ; warning
    @(38.10 mm, 29.21 mm): Hierarchical Label 'Synchronous_clear'
    @(80.01 mm, 135.89 mm): Global Label 'synchronous_clear'
[similar_labels]: Labels are similar (lower/upper case difference only)
    ; warning
    @(38.10 mm, 29.21 mm): Hierarchical Label 'Synchronous_clear'
    @(26.67 mm, 38.10 mm): Global Label 'synchronous_clear'
[similar_labels]: Labels are similar (lower/upper case difference only)
    ; warning
    @(72.39 mm, 137.16 mm): Hierarchical Label 'Out_N'
    @(224.79 mm, 250.19 mm): Global Label 'OUT_N'
[similar_labels]: Labels are similar (lower/upper case difference only)
    ; warning
    @(72.39 mm, 137.16 mm): Hierarchical Label 'Out_N'
    @(139.70 mm, 215.90 mm): Global Label 'OUT_N'
[similar_labels]: Labels are similar (lower/upper case difference only)
    ; warning
    @(72.39 mm, 137.16 mm): Hierarchical Label 'Out_N'
    @(224.79 mm, 110.49 mm): Global Label 'OUT_N'
[similar_labels]: Labels are similar (lower/upper case difference only)
    ; warning
    @(72.39 mm, 137.16 mm): Hierarchical Label 'Out_N'
    @(139.70 mm, 144.78 mm): Global Label 'OUT_N'
[similar_labels]: Labels are similar (lower/upper case difference only)
    ; warning
    @(72.39 mm, 137.16 mm): Hierarchical Label 'Out_N'
    @(224.79 mm, 144.78 mm): Global Label 'OUT_N'
[similar_labels]: Labels are similar (lower/upper case difference only)
    ; warning
    @(72.39 mm, 137.16 mm): Hierarchical Label 'Out_N'
    @(26.67 mm, 85.09 mm): Global Label 'OUT_N'
[similar_labels]: Labels are similar (lower/upper case difference only)
    ; warning
    @(72.39 mm, 137.16 mm): Hierarchical Label 'Out_N'
    @(45.72 mm, 69.85 mm): Global Label 'OUT_N'
[similar_labels]: Labels are similar (lower/upper case difference only)
    ; warning
    @(72.39 mm, 137.16 mm): Hierarchical Label 'Out_N'
    @(224.79 mm, 215.90 mm): Global Label 'OUT_N'
[similar_labels]: Labels are similar (lower/upper case difference only)
    ; warning
    @(72.39 mm, 137.16 mm): Hierarchical Label 'Out_N'
    @(139.70 mm, 250.19 mm): Global Label 'OUT_N'
[similar_labels]: Labels are similar (lower/upper case difference only)
    ; warning
    @(72.39 mm, 137.16 mm): Hierarchical Label 'Out_N'
    @(139.70 mm, 180.34 mm): Global Label 'OUT_N'
[similar_labels]: Labels are similar (lower/upper case difference only)
    ; warning
    @(72.39 mm, 137.16 mm): Hierarchical Label 'Out_N'
    @(224.79 mm, 180.34 mm): Global Label 'OUT_N'
[similar_labels]: Labels are similar (lower/upper case difference only)
    ; warning
    @(72.39 mm, 137.16 mm): Hierarchical Label 'Out_N'
    @(26.67 mm, 96.52 mm): Global Label 'OUT_N'
[similar_labels]: Labels are similar (lower/upper case difference only)
    ; warning
    @(72.39 mm, 137.16 mm): Hierarchical Label 'Out_N'
    @(139.70 mm, 74.93 mm): Global Label 'OUT_N'
[similar_labels]: Labels are similar (lower/upper case difference only)
    ; warning
    @(72.39 mm, 137.16 mm): Hierarchical Label 'Out_N'
    @(224.79 mm, 74.93 mm): Global Label 'OUT_N'
[similar_labels]: Labels are similar (lower/upper case difference only)
    ; warning
    @(72.39 mm, 137.16 mm): Hierarchical Label 'Out_N'
    @(43.18 mm, 167.64 mm): Global Label 'OUT_N'
[similar_labels]: Labels are similar (lower/upper case difference only)
    ; warning
    @(72.39 mm, 137.16 mm): Hierarchical Label 'Out_N'
    @(139.70 mm, 110.49 mm): Global Label 'OUT_N'
[similar_labels]: Labels are similar (lower/upper case difference only)
    ; warning
    @(72.39 mm, 142.24 mm): Hierarchical Label 'Out_P'
    @(139.70 mm, 72.39 mm): Global Label 'OUT_P'
[similar_labels]: Labels are similar (lower/upper case difference only)
    ; warning
    @(72.39 mm, 142.24 mm): Hierarchical Label 'Out_P'
    @(224.79 mm, 142.24 mm): Global Label 'OUT_P'
[similar_labels]: Labels are similar (lower/upper case difference only)
    ; warning
    @(72.39 mm, 142.24 mm): Hierarchical Label 'Out_P'
    @(139.70 mm, 177.80 mm): Global Label 'OUT_P'
[similar_labels]: Labels are similar (lower/upper case difference only)
    ; warning
    @(72.39 mm, 142.24 mm): Hierarchical Label 'Out_P'
    @(139.70 mm, 107.95 mm): Global Label 'OUT_P'
[similar_labels]: Labels are similar (lower/upper case difference only)
    ; warning
    @(72.39 mm, 142.24 mm): Hierarchical Label 'Out_P'
    @(43.18 mm, 162.56 mm): Global Label 'OUT_P'
[similar_labels]: Labels are similar (lower/upper case difference only)
    ; warning
    @(72.39 mm, 142.24 mm): Hierarchical Label 'Out_P'
    @(224.79 mm, 177.80 mm): Global Label 'OUT_P'
[similar_labels]: Labels are similar (lower/upper case difference only)
    ; warning
    @(72.39 mm, 142.24 mm): Hierarchical Label 'Out_P'
    @(224.79 mm, 72.39 mm): Global Label 'OUT_P'
[similar_labels]: Labels are similar (lower/upper case difference only)
    ; warning
    @(72.39 mm, 142.24 mm): Hierarchical Label 'Out_P'
    @(139.70 mm, 213.36 mm): Global Label 'OUT_P'
[similar_labels]: Labels are similar (lower/upper case difference only)
    ; warning
    @(72.39 mm, 142.24 mm): Hierarchical Label 'Out_P'
    @(139.70 mm, 142.24 mm): Global Label 'OUT_P'
[similar_labels]: Labels are similar (lower/upper case difference only)
    ; warning
    @(72.39 mm, 142.24 mm): Hierarchical Label 'Out_P'
    @(224.79 mm, 213.36 mm): Global Label 'OUT_P'
[similar_labels]: Labels are similar (lower/upper case difference only)
    ; warning
    @(72.39 mm, 142.24 mm): Hierarchical Label 'Out_P'
    @(224.79 mm, 247.65 mm): Global Label 'OUT_P'
[similar_labels]: Labels are similar (lower/upper case difference only)
    ; warning
    @(72.39 mm, 142.24 mm): Hierarchical Label 'Out_P'
    @(26.67 mm, 93.98 mm): Global Label 'OUT_P'
[similar_labels]: Labels are similar (lower/upper case difference only)
    ; warning
    @(72.39 mm, 142.24 mm): Hierarchical Label 'Out_P'
    @(224.79 mm, 107.95 mm): Global Label 'OUT_P'
[similar_labels]: Labels are similar (lower/upper case difference only)
    ; warning
    @(72.39 mm, 142.24 mm): Hierarchical Label 'Out_P'
    @(45.72 mm, 64.77 mm): Global Label 'OUT_P'
[similar_labels]: Labels are similar (lower/upper case difference only)
    ; warning
    @(72.39 mm, 142.24 mm): Hierarchical Label 'Out_P'
    @(26.67 mm, 82.55 mm): Global Label 'OUT_P'
[similar_labels]: Labels are similar (lower/upper case difference only)
    ; warning
    @(72.39 mm, 142.24 mm): Hierarchical Label 'Out_P'
    @(139.70 mm, 247.65 mm): Global Label 'OUT_P'
[similar_labels]: Labels are similar (lower/upper case difference only)
    ; warning
    @(198.12 mm, 138.43 mm): Hierarchical Label 'Out_N'
    @(224.79 mm, 250.19 mm): Global Label 'OUT_N'
[similar_labels]: Labels are similar (lower/upper case difference only)
    ; warning
    @(198.12 mm, 138.43 mm): Hierarchical Label 'Out_N'
    @(139.70 mm, 215.90 mm): Global Label 'OUT_N'
[similar_labels]: Labels are similar (lower/upper case difference only)
    ; warning
    @(198.12 mm, 138.43 mm): Hierarchical Label 'Out_N'
    @(224.79 mm, 110.49 mm): Global Label 'OUT_N'
[similar_labels]: Labels are similar (lower/upper case difference only)
    ; warning
    @(198.12 mm, 138.43 mm): Hierarchical Label 'Out_N'
    @(139.70 mm, 144.78 mm): Global Label 'OUT_N'
[similar_labels]: Labels are similar (lower/upper case difference only)
    ; warning
    @(198.12 mm, 138.43 mm): Hierarchical Label 'Out_N'
    @(224.79 mm, 144.78 mm): Global Label 'OUT_N'
[similar_labels]: Labels are similar (lower/upper case difference only)
    ; warning
    @(198.12 mm, 138.43 mm): Hierarchical Label 'Out_N'
    @(26.67 mm, 85.09 mm): Global Label 'OUT_N'
[similar_labels]: Labels are similar (lower/upper case difference only)
    ; warning
    @(198.12 mm, 138.43 mm): Hierarchical Label 'Out_N'
    @(45.72 mm, 69.85 mm): Global Label 'OUT_N'
[similar_labels]: Labels are similar (lower/upper case difference only)
    ; warning
    @(198.12 mm, 138.43 mm): Hierarchical Label 'Out_N'
    @(224.79 mm, 215.90 mm): Global Label 'OUT_N'
[similar_labels]: Labels are similar (lower/upper case difference only)
    ; warning
    @(198.12 mm, 138.43 mm): Hierarchical Label 'Out_N'
    @(139.70 mm, 250.19 mm): Global Label 'OUT_N'
[similar_labels]: Labels are similar (lower/upper case difference only)
    ; warning
    @(198.12 mm, 138.43 mm): Hierarchical Label 'Out_N'
    @(139.70 mm, 180.34 mm): Global Label 'OUT_N'
[similar_labels]: Labels are similar (lower/upper case difference only)
    ; warning
    @(198.12 mm, 138.43 mm): Hierarchical Label 'Out_N'
    @(224.79 mm, 180.34 mm): Global Label 'OUT_N'
[similar_labels]: Labels are similar (lower/upper case difference only)
    ; warning
    @(198.12 mm, 138.43 mm): Hierarchical Label 'Out_N'
    @(26.67 mm, 96.52 mm): Global Label 'OUT_N'
[similar_labels]: Labels are similar (lower/upper case difference only)
    ; warning
    @(198.12 mm, 138.43 mm): Hierarchical Label 'Out_N'
    @(139.70 mm, 74.93 mm): Global Label 'OUT_N'
[similar_labels]: Labels are similar (lower/upper case difference only)
    ; warning
    @(198.12 mm, 138.43 mm): Hierarchical Label 'Out_N'
    @(224.79 mm, 74.93 mm): Global Label 'OUT_N'
[similar_labels]: Labels are similar (lower/upper case difference only)
    ; warning
    @(198.12 mm, 138.43 mm): Hierarchical Label 'Out_N'
    @(43.18 mm, 167.64 mm): Global Label 'OUT_N'
[similar_labels]: Labels are similar (lower/upper case difference only)
    ; warning
    @(198.12 mm, 138.43 mm): Hierarchical Label 'Out_N'
    @(139.70 mm, 110.49 mm): Global Label 'OUT_N'
[similar_labels]: Labels are similar (lower/upper case difference only)
    ; warning
    @(198.12 mm, 143.51 mm): Hierarchical Label 'Out_P'
    @(139.70 mm, 72.39 mm): Global Label 'OUT_P'
[similar_labels]: Labels are similar (lower/upper case difference only)
    ; warning
    @(198.12 mm, 143.51 mm): Hierarchical Label 'Out_P'
    @(224.79 mm, 142.24 mm): Global Label 'OUT_P'
[similar_labels]: Labels are similar (lower/upper case difference only)
    ; warning
    @(198.12 mm, 143.51 mm): Hierarchical Label 'Out_P'
    @(139.70 mm, 177.80 mm): Global Label 'OUT_P'
[similar_labels]: Labels are similar (lower/upper case difference only)
    ; warning
    @(198.12 mm, 143.51 mm): Hierarchical Label 'Out_P'
    @(139.70 mm, 107.95 mm): Global Label 'OUT_P'
[similar_labels]: Labels are similar (lower/upper case difference only)
    ; warning
    @(198.12 mm, 143.51 mm): Hierarchical Label 'Out_P'
    @(43.18 mm, 162.56 mm): Global Label 'OUT_P'
[similar_labels]: Labels are similar (lower/upper case difference only)
    ; warning
    @(198.12 mm, 143.51 mm): Hierarchical Label 'Out_P'
    @(224.79 mm, 177.80 mm): Global Label 'OUT_P'
[similar_labels]: Labels are similar (lower/upper case difference only)
    ; warning
    @(198.12 mm, 143.51 mm): Hierarchical Label 'Out_P'
    @(224.79 mm, 72.39 mm): Global Label 'OUT_P'
[similar_labels]: Labels are similar (lower/upper case difference only)
    ; warning
    @(198.12 mm, 143.51 mm): Hierarchical Label 'Out_P'
    @(139.70 mm, 213.36 mm): Global Label 'OUT_P'
[similar_labels]: Labels are similar (lower/upper case difference only)
    ; warning
    @(198.12 mm, 143.51 mm): Hierarchical Label 'Out_P'
    @(139.70 mm, 142.24 mm): Global Label 'OUT_P'
[similar_labels]: Labels are similar (lower/upper case difference only)
    ; warning
    @(198.12 mm, 143.51 mm): Hierarchical Label 'Out_P'
    @(224.79 mm, 213.36 mm): Global Label 'OUT_P'
[similar_labels]: Labels are similar (lower/upper case difference only)
    ; warning
    @(198.12 mm, 143.51 mm): Hierarchical Label 'Out_P'
    @(224.79 mm, 247.65 mm): Global Label 'OUT_P'
[similar_labels]: Labels are similar (lower/upper case difference only)
    ; warning
    @(198.12 mm, 143.51 mm): Hierarchical Label 'Out_P'
    @(26.67 mm, 93.98 mm): Global Label 'OUT_P'
[similar_labels]: Labels are similar (lower/upper case difference only)
    ; warning
    @(198.12 mm, 143.51 mm): Hierarchical Label 'Out_P'
    @(224.79 mm, 107.95 mm): Global Label 'OUT_P'
[similar_labels]: Labels are similar (lower/upper case difference only)
    ; warning
    @(198.12 mm, 143.51 mm): Hierarchical Label 'Out_P'
    @(45.72 mm, 64.77 mm): Global Label 'OUT_P'
[similar_labels]: Labels are similar (lower/upper case difference only)
    ; warning
    @(198.12 mm, 143.51 mm): Hierarchical Label 'Out_P'
    @(26.67 mm, 82.55 mm): Global Label 'OUT_P'
[similar_labels]: Labels are similar (lower/upper case difference only)
    ; warning
    @(198.12 mm, 143.51 mm): Hierarchical Label 'Out_P'
    @(139.70 mm, 247.65 mm): Global Label 'OUT_P'

***** Sheet /Relay_group2/
[similar_labels]: Labels are similar (lower/upper case difference only)
    ; warning
    @(38.10 mm, 29.21 mm): Hierarchical Label 'Synchronous_clear'
    @(224.79 mm, 90.17 mm): Global Label 'synchronous_clear'
[similar_labels]: Labels are similar (lower/upper case difference only)
    ; warning
    @(38.10 mm, 29.21 mm): Hierarchical Label 'Synchronous_clear'
    @(139.70 mm, 54.61 mm): Global Label 'synchronous_clear'
[similar_labels]: Labels are similar (lower/upper case difference only)
    ; warning
    @(38.10 mm, 29.21 mm): Hierarchical Label 'Synchronous_clear'
    @(224.79 mm, 195.58 mm): Global Label 'synchronous_clear'
[similar_labels]: Labels are similar (lower/upper case difference only)
    ; warning
    @(38.10 mm, 29.21 mm): Hierarchical Label 'Synchronous_clear'
    @(224.79 mm, 229.87 mm): Global Label 'synchronous_clear'
[similar_labels]: Labels are similar (lower/upper case difference only)
    ; warning
    @(38.10 mm, 29.21 mm): Hierarchical Label 'Synchronous_clear'
    @(88.90 mm, 38.10 mm): Global Label 'synchronous_clear'
[similar_labels]: Labels are similar (lower/upper case difference only)
    ; warning
    @(38.10 mm, 29.21 mm): Hierarchical Label 'Synchronous_clear'
    @(139.70 mm, 160.02 mm): Global Label 'synchronous_clear'
[similar_labels]: Labels are similar (lower/upper case difference only)
    ; warning
    @(38.10 mm, 29.21 mm): Hierarchical Label 'Synchronous_clear'
    @(139.70 mm, 195.58 mm): Global Label 'synchronous_clear'
[similar_labels]: Labels are similar (lower/upper case difference only)
    ; warning
    @(38.10 mm, 29.21 mm): Hierarchical Label 'Synchronous_clear'
    @(224.79 mm, 160.02 mm): Global Label 'synchronous_clear'
[similar_labels]: Labels are similar (lower/upper case difference only)
    ; warning
    @(38.10 mm, 29.21 mm): Hierarchical Label 'Synchronous_clear'
    @(139.70 mm, 124.46 mm): Global Label 'synchronous_clear'
[similar_labels]: Labels are similar (lower/upper case difference only)
    ; warning
    @(38.10 mm, 29.21 mm): Hierarchical Label 'Synchronous_clear'
    @(139.70 mm, 229.87 mm): Global Label 'synchronous_clear'
[similar_labels]: Labels are similar (lower/upper case difference only)
    ; warning
    @(38.10 mm, 29.21 mm): Hierarchical Label 'Synchronous_clear'
    @(139.70 mm, 90.17 mm): Global Label 'synchronous_clear'
[similar_labels]: Labels are similar (lower/upper case difference only)
    ; warning
    @(38.10 mm, 29.21 mm): Hierarchical Label 'Synchronous_clear'
    @(224.79 mm, 124.46 mm): Global Label 'synchronous_clear'
[similar_labels]: Labels are similar (lower/upper case difference only)
    ; warning
    @(38.10 mm, 29.21 mm): Hierarchical Label 'Synchronous_clear'
    @(224.79 mm, 54.61 mm): Global Label 'synchronous_clear'
[similar_labels]: Labels are similar (lower/upper case difference only)
    ; warning
    @(38.10 mm, 29.21 mm): Hierarchical Label 'Synchronous_clear'
    @(80.01 mm, 135.89 mm): Global Label 'synchronous_clear'
[similar_labels]: Labels are similar (lower/upper case difference only)
    ; warning
    @(38.10 mm, 29.21 mm): Hierarchical Label 'Synchronous_clear'
    @(26.67 mm, 38.10 mm): Global Label 'synchronous_clear'
[similar_labels]: Labels are similar (lower/upper case difference only)
    ; warning
    @(72.39 mm, 137.16 mm): Hierarchical Label 'Out_N'
    @(224.79 mm, 250.19 mm): Global Label 'OUT_N'
[similar_labels]: Labels are similar (lower/upper case difference only)
    ; warning
    @(72.39 mm, 137.16 mm): Hierarchical Label 'Out_N'
    @(139.70 mm, 215.90 mm): Global Label 'OUT_N'
[similar_labels]: Labels are similar (lower/upper case difference only)
    ; warning
    @(72.39 mm, 137.16 mm): Hierarchical Label 'Out_N'
    @(224.79 mm, 110.49 mm): Global Label 'OUT_N'
[similar_labels]: Labels are similar (lower/upper case difference only)
    ; warning
    @(72.39 mm, 137.16 mm): Hierarchical Label 'Out_N'
    @(139.70 mm, 144.78 mm): Global Label 'OUT_N'
[similar_labels]: Labels are similar (lower/upper case difference only)
    ; warning
    @(72.39 mm, 137.16 mm): Hierarchical Label 'Out_N'
    @(224.79 mm, 144.78 mm): Global Label 'OUT_N'
[similar_labels]: Labels are similar (lower/upper case difference only)
    ; warning
    @(72.39 mm, 137.16 mm): Hierarchical Label 'Out_N'
    @(26.67 mm, 85.09 mm): Global Label 'OUT_N'
[similar_labels]: Labels are similar (lower/upper case difference only)
    ; warning
    @(72.39 mm, 137.16 mm): Hierarchical Label 'Out_N'
    @(45.72 mm, 69.85 mm): Global Label 'OUT_N'
[similar_labels]: Labels are similar (lower/upper case difference only)
    ; warning
    @(72.39 mm, 137.16 mm): Hierarchical Label 'Out_N'
    @(224.79 mm, 215.90 mm): Global Label 'OUT_N'
[similar_labels]: Labels are similar (lower/upper case difference only)
    ; warning
    @(72.39 mm, 137.16 mm): Hierarchical Label 'Out_N'
    @(139.70 mm, 250.19 mm): Global Label 'OUT_N'
[similar_labels]: Labels are similar (lower/upper case difference only)
    ; warning
    @(72.39 mm, 137.16 mm): Hierarchical Label 'Out_N'
    @(139.70 mm, 180.34 mm): Global Label 'OUT_N'
[similar_labels]: Labels are similar (lower/upper case difference only)
    ; warning
    @(72.39 mm, 137.16 mm): Hierarchical Label 'Out_N'
    @(224.79 mm, 180.34 mm): Global Label 'OUT_N'
[similar_labels]: Labels are similar (lower/upper case difference only)
    ; warning
    @(72.39 mm, 137.16 mm): Hierarchical Label 'Out_N'
    @(26.67 mm, 96.52 mm): Global Label 'OUT_N'
[similar_labels]: Labels are similar (lower/upper case difference only)
    ; warning
    @(72.39 mm, 137.16 mm): Hierarchical Label 'Out_N'
    @(139.70 mm, 74.93 mm): Global Label 'OUT_N'
[similar_labels]: Labels are similar (lower/upper case difference only)
    ; warning
    @(72.39 mm, 137.16 mm): Hierarchical Label 'Out_N'
    @(224.79 mm, 74.93 mm): Global Label 'OUT_N'
[similar_labels]: Labels are similar (lower/upper case difference only)
    ; warning
    @(72.39 mm, 137.16 mm): Hierarchical Label 'Out_N'
    @(43.18 mm, 167.64 mm): Global Label 'OUT_N'
[similar_labels]: Labels are similar (lower/upper case difference only)
    ; warning
    @(72.39 mm, 137.16 mm): Hierarchical Label 'Out_N'
    @(139.70 mm, 110.49 mm): Global Label 'OUT_N'
[similar_labels]: Labels are similar (lower/upper case difference only)
    ; warning
    @(72.39 mm, 142.24 mm): Hierarchical Label 'Out_P'
    @(139.70 mm, 72.39 mm): Global Label 'OUT_P'
[similar_labels]: Labels are similar (lower/upper case difference only)
    ; warning
    @(72.39 mm, 142.24 mm): Hierarchical Label 'Out_P'
    @(224.79 mm, 142.24 mm): Global Label 'OUT_P'
[similar_labels]: Labels are similar (lower/upper case difference only)
    ; warning
    @(72.39 mm, 142.24 mm): Hierarchical Label 'Out_P'
    @(139.70 mm, 177.80 mm): Global Label 'OUT_P'
[similar_labels]: Labels are similar (lower/upper case difference only)
    ; warning
    @(72.39 mm, 142.24 mm): Hierarchical Label 'Out_P'
    @(139.70 mm, 107.95 mm): Global Label 'OUT_P'
[similar_labels]: Labels are similar (lower/upper case difference only)
    ; warning
    @(72.39 mm, 142.24 mm): Hierarchical Label 'Out_P'
    @(43.18 mm, 162.56 mm): Global Label 'OUT_P'
[similar_labels]: Labels are similar (lower/upper case difference only)
    ; warning
    @(72.39 mm, 142.24 mm): Hierarchical Label 'Out_P'
    @(224.79 mm, 177.80 mm): Global Label 'OUT_P'
[similar_labels]: Labels are similar (lower/upper case difference only)
    ; warning
    @(72.39 mm, 142.24 mm): Hierarchical Label 'Out_P'
    @(224.79 mm, 72.39 mm): Global Label 'OUT_P'
[similar_labels]: Labels are similar (lower/upper case difference only)
    ; warning
    @(72.39 mm, 142.24 mm): Hierarchical Label 'Out_P'
    @(139.70 mm, 213.36 mm): Global Label 'OUT_P'
[similar_labels]: Labels are similar (lower/upper case difference only)
    ; warning
    @(72.39 mm, 142.24 mm): Hierarchical Label 'Out_P'
    @(139.70 mm, 142.24 mm): Global Label 'OUT_P'
[similar_labels]: Labels are similar (lower/upper case difference only)
    ; warning
    @(72.39 mm, 142.24 mm): Hierarchical Label 'Out_P'
    @(224.79 mm, 213.36 mm): Global Label 'OUT_P'
[similar_labels]: Labels are similar (lower/upper case difference only)
    ; warning
    @(72.39 mm, 142.24 mm): Hierarchical Label 'Out_P'
    @(224.79 mm, 247.65 mm): Global Label 'OUT_P'
[similar_labels]: Labels are similar (lower/upper case difference only)
    ; warning
    @(72.39 mm, 142.24 mm): Hierarchical Label 'Out_P'
    @(26.67 mm, 93.98 mm): Global Label 'OUT_P'
[similar_labels]: Labels are similar (lower/upper case difference only)
    ; warning
    @(72.39 mm, 142.24 mm): Hierarchical Label 'Out_P'
    @(224.79 mm, 107.95 mm): Global Label 'OUT_P'
[similar_labels]: Labels are similar (lower/upper case difference only)
    ; warning
    @(72.39 mm, 142.24 mm): Hierarchical Label 'Out_P'
    @(45.72 mm, 64.77 mm): Global Label 'OUT_P'
[similar_labels]: Labels are similar (lower/upper case difference only)
    ; warning
    @(72.39 mm, 142.24 mm): Hierarchical Label 'Out_P'
    @(26.67 mm, 82.55 mm): Global Label 'OUT_P'
[similar_labels]: Labels are similar (lower/upper case difference only)
    ; warning
    @(72.39 mm, 142.24 mm): Hierarchical Label 'Out_P'
    @(139.70 mm, 247.65 mm): Global Label 'OUT_P'
[similar_labels]: Labels are similar (lower/upper case difference only)
    ; warning
    @(198.12 mm, 138.43 mm): Hierarchical Label 'Out_N'
    @(224.79 mm, 250.19 mm): Global Label 'OUT_N'
[similar_labels]: Labels are similar (lower/upper case difference only)
    ; warning
    @(198.12 mm, 138.43 mm): Hierarchical Label 'Out_N'
    @(139.70 mm, 215.90 mm): Global Label 'OUT_N'
[similar_labels]: Labels are similar (lower/upper case difference only)
    ; warning
    @(198.12 mm, 138.43 mm): Hierarchical Label 'Out_N'
    @(224.79 mm, 110.49 mm): Global Label 'OUT_N'
[similar_labels]: Labels are similar (lower/upper case difference only)
    ; warning
    @(198.12 mm, 138.43 mm): Hierarchical Label 'Out_N'
    @(139.70 mm, 144.78 mm): Global Label 'OUT_N'
[similar_labels]: Labels are similar (lower/upper case difference only)
    ; warning
    @(198.12 mm, 138.43 mm): Hierarchical Label 'Out_N'
    @(224.79 mm, 144.78 mm): Global Label 'OUT_N'
[similar_labels]: Labels are similar (lower/upper case difference only)
    ; warning
    @(198.12 mm, 138.43 mm): Hierarchical Label 'Out_N'
    @(26.67 mm, 85.09 mm): Global Label 'OUT_N'
[similar_labels]: Labels are similar (lower/upper case difference only)
    ; warning
    @(198.12 mm, 138.43 mm): Hierarchical Label 'Out_N'
    @(45.72 mm, 69.85 mm): Global Label 'OUT_N'
[similar_labels]: Labels are similar (lower/upper case difference only)
    ; warning
    @(198.12 mm, 138.43 mm): Hierarchical Label 'Out_N'
    @(224.79 mm, 215.90 mm): Global Label 'OUT_N'
[similar_labels]: Labels are similar (lower/upper case difference only)
    ; warning
    @(198.12 mm, 138.43 mm): Hierarchical Label 'Out_N'
    @(139.70 mm, 250.19 mm): Global Label 'OUT_N'
[similar_labels]: Labels are similar (lower/upper case difference only)
    ; warning
    @(198.12 mm, 138.43 mm): Hierarchical Label 'Out_N'
    @(139.70 mm, 180.34 mm): Global Label 'OUT_N'
[similar_labels]: Labels are similar (lower/upper case difference only)
    ; warning
    @(198.12 mm, 138.43 mm): Hierarchical Label 'Out_N'
    @(224.79 mm, 180.34 mm): Global Label 'OUT_N'
[similar_labels]: Labels are similar (lower/upper case difference only)
    ; warning
    @(198.12 mm, 138.43 mm): Hierarchical Label 'Out_N'
    @(26.67 mm, 96.52 mm): Global Label 'OUT_N'
[similar_labels]: Labels are similar (lower/upper case difference only)
    ; warning
    @(198.12 mm, 138.43 mm): Hierarchical Label 'Out_N'
    @(139.70 mm, 74.93 mm): Global Label 'OUT_N'
[similar_labels]: Labels are similar (lower/upper case difference only)
    ; warning
    @(198.12 mm, 138.43 mm): Hierarchical Label 'Out_N'
    @(224.79 mm, 74.93 mm): Global Label 'OUT_N'
[similar_labels]: Labels are similar (lower/upper case difference only)
    ; warning
    @(198.12 mm, 138.43 mm): Hierarchical Label 'Out_N'
    @(43.18 mm, 167.64 mm): Global Label 'OUT_N'
[similar_labels]: Labels are similar (lower/upper case difference only)
    ; warning
    @(198.12 mm, 138.43 mm): Hierarchical Label 'Out_N'
    @(139.70 mm, 110.49 mm): Global Label 'OUT_N'
[similar_labels]: Labels are similar (lower/upper case difference only)
    ; warning
    @(198.12 mm, 143.51 mm): Hierarchical Label 'Out_P'
    @(139.70 mm, 72.39 mm): Global Label 'OUT_P'
[similar_labels]: Labels are similar (lower/upper case difference only)
    ; warning
    @(198.12 mm, 143.51 mm): Hierarchical Label 'Out_P'
    @(224.79 mm, 142.24 mm): Global Label 'OUT_P'
[similar_labels]: Labels are similar (lower/upper case difference only)
    ; warning
    @(198.12 mm, 143.51 mm): Hierarchical Label 'Out_P'
    @(139.70 mm, 177.80 mm): Global Label 'OUT_P'
[similar_labels]: Labels are similar (lower/upper case difference only)
    ; warning
    @(198.12 mm, 143.51 mm): Hierarchical Label 'Out_P'
    @(139.70 mm, 107.95 mm): Global Label 'OUT_P'
[similar_labels]: Labels are similar (lower/upper case difference only)
    ; warning
    @(198.12 mm, 143.51 mm): Hierarchical Label 'Out_P'
    @(43.18 mm, 162.56 mm): Global Label 'OUT_P'
[similar_labels]: Labels are similar (lower/upper case difference only)
    ; warning
    @(198.12 mm, 143.51 mm): Hierarchical Label 'Out_P'
    @(224.79 mm, 177.80 mm): Global Label 'OUT_P'
[similar_labels]: Labels are similar (lower/upper case difference only)
    ; warning
    @(198.12 mm, 143.51 mm): Hierarchical Label 'Out_P'
    @(224.79 mm, 72.39 mm): Global Label 'OUT_P'
[similar_labels]: Labels are similar (lower/upper case difference only)
    ; warning
    @(198.12 mm, 143.51 mm): Hierarchical Label 'Out_P'
    @(139.70 mm, 213.36 mm): Global Label 'OUT_P'
[similar_labels]: Labels are similar (lower/upper case difference only)
    ; warning
    @(198.12 mm, 143.51 mm): Hierarchical Label 'Out_P'
    @(139.70 mm, 142.24 mm): Global Label 'OUT_P'
[similar_labels]: Labels are similar (lower/upper case difference only)
    ; warning
    @(198.12 mm, 143.51 mm): Hierarchical Label 'Out_P'
    @(224.79 mm, 213.36 mm): Global Label 'OUT_P'
[similar_labels]: Labels are similar (lower/upper case difference only)
    ; warning
    @(198.12 mm, 143.51 mm): Hierarchical Label 'Out_P'
    @(224.79 mm, 247.65 mm): Global Label 'OUT_P'
[similar_labels]: Labels are similar (lower/upper case difference only)
    ; warning
    @(198.12 mm, 143.51 mm): Hierarchical Label 'Out_P'
    @(26.67 mm, 93.98 mm): Global Label 'OUT_P'
[similar_labels]: Labels are similar (lower/upper case difference only)
    ; warning
    @(198.12 mm, 143.51 mm): Hierarchical Label 'Out_P'
    @(224.79 mm, 107.95 mm): Global Label 'OUT_P'
[similar_labels]: Labels are similar (lower/upper case difference only)
    ; warning
    @(198.12 mm, 143.51 mm): Hierarchical Label 'Out_P'
    @(45.72 mm, 64.77 mm): Global Label 'OUT_P'
[similar_labels]: Labels are similar (lower/upper case difference only)
    ; warning
    @(198.12 mm, 143.51 mm): Hierarchical Label 'Out_P'
    @(26.67 mm, 82.55 mm): Global Label 'OUT_P'
[similar_labels]: Labels are similar (lower/upper case difference only)
    ; warning
    @(198.12 mm, 143.51 mm): Hierarchical Label 'Out_P'
    @(139.70 mm, 247.65 mm): Global Label 'OUT_P'

***** Sheet /Relay_group3/
[similar_labels]: Labels are similar (lower/upper case difference only)
    ; warning
    @(38.10 mm, 29.21 mm): Hierarchical Label 'Synchronous_clear'
    @(224.79 mm, 90.17 mm): Global Label 'synchronous_clear'
[similar_labels]: Labels are similar (lower/upper case difference only)
    ; warning
    @(38.10 mm, 29.21 mm): Hierarchical Label 'Synchronous_clear'
    @(139.70 mm, 54.61 mm): Global Label 'synchronous_clear'
[similar_labels]: Labels are similar (lower/upper case difference only)
    ; warning
    @(38.10 mm, 29.21 mm): Hierarchical Label 'Synchronous_clear'
    @(224.79 mm, 195.58 mm): Global Label 'synchronous_clear'
[similar_labels]: Labels are similar (lower/upper case difference only)
    ; warning
    @(38.10 mm, 29.21 mm): Hierarchical Label 'Synchronous_clear'
    @(224.79 mm, 229.87 mm): Global Label 'synchronous_clear'
[similar_labels]: Labels are similar (lower/upper case difference only)
    ; warning
    @(38.10 mm, 29.21 mm): Hierarchical Label 'Synchronous_clear'
    @(88.90 mm, 38.10 mm): Global Label 'synchronous_clear'
[similar_labels]: Labels are similar (lower/upper case difference only)
    ; warning
    @(38.10 mm, 29.21 mm): Hierarchical Label 'Synchronous_clear'
    @(139.70 mm, 160.02 mm): Global Label 'synchronous_clear'
[similar_labels]: Labels are similar (lower/upper case difference only)
    ; warning
    @(38.10 mm, 29.21 mm): Hierarchical Label 'Synchronous_clear'
    @(139.70 mm, 195.58 mm): Global Label 'synchronous_clear'
[similar_labels]: Labels are similar (lower/upper case difference only)
    ; warning
    @(38.10 mm, 29.21 mm): Hierarchical Label 'Synchronous_clear'
    @(224.79 mm, 160.02 mm): Global Label 'synchronous_clear'
[similar_labels]: Labels are similar (lower/upper case difference only)
    ; warning
    @(38.10 mm, 29.21 mm): Hierarchical Label 'Synchronous_clear'
    @(139.70 mm, 124.46 mm): Global Label 'synchronous_clear'
[similar_labels]: Labels are similar (lower/upper case difference only)
    ; warning
    @(38.10 mm, 29.21 mm): Hierarchical Label 'Synchronous_clear'
    @(139.70 mm, 229.87 mm): Global Label 'synchronous_clear'
[similar_labels]: Labels are similar (lower/upper case difference only)
    ; warning
    @(38.10 mm, 29.21 mm): Hierarchical Label 'Synchronous_clear'
    @(139.70 mm, 90.17 mm): Global Label 'synchronous_clear'
[similar_labels]: Labels are similar (lower/upper case difference only)
    ; warning
    @(38.10 mm, 29.21 mm): Hierarchical Label 'Synchronous_clear'
    @(224.79 mm, 124.46 mm): Global Label 'synchronous_clear'
[similar_labels]: Labels are similar (lower/upper case difference only)
    ; warning
    @(38.10 mm, 29.21 mm): Hierarchical Label 'Synchronous_clear'
    @(224.79 mm, 54.61 mm): Global Label 'synchronous_clear'
[similar_labels]: Labels are similar (lower/upper case difference only)
    ; warning
    @(38.10 mm, 29.21 mm): Hierarchical Label 'Synchronous_clear'
    @(80.01 mm, 135.89 mm): Global Label 'synchronous_clear'
[similar_labels]: Labels are similar (lower/upper case difference only)
    ; warning
    @(38.10 mm, 29.21 mm): Hierarchical Label 'Synchronous_clear'
    @(26.67 mm, 38.10 mm): Global Label 'synchronous_clear'
[similar_labels]: Labels are similar (lower/upper case difference only)
    ; warning
    @(72.39 mm, 137.16 mm): Hierarchical Label 'Out_N'
    @(224.79 mm, 250.19 mm): Global Label 'OUT_N'
[similar_labels]: Labels are similar (lower/upper case difference only)
    ; warning
    @(72.39 mm, 137.16 mm): Hierarchical Label 'Out_N'
    @(139.70 mm, 215.90 mm): Global Label 'OUT_N'
[similar_labels]: Labels are similar (lower/upper case difference only)
    ; warning
    @(72.39 mm, 137.16 mm): Hierarchical Label 'Out_N'
    @(224.79 mm, 110.49 mm): Global Label 'OUT_N'
[similar_labels]: Labels are similar (lower/upper case difference only)
    ; warning
    @(72.39 mm, 137.16 mm): Hierarchical Label 'Out_N'
    @(139.70 mm, 144.78 mm): Global Label 'OUT_N'
[similar_labels]: Labels are similar (lower/upper case difference only)
    ; warning
    @(72.39 mm, 137.16 mm): Hierarchical Label 'Out_N'
    @(224.79 mm, 144.78 mm): Global Label 'OUT_N'
[similar_labels]: Labels are similar (lower/upper case difference only)
    ; warning
    @(72.39 mm, 137.16 mm): Hierarchical Label 'Out_N'
    @(26.67 mm, 85.09 mm): Global Label 'OUT_N'
[similar_labels]: Labels are similar (lower/upper case difference only)
    ; warning
    @(72.39 mm, 137.16 mm): Hierarchical Label 'Out_N'
    @(45.72 mm, 69.85 mm): Global Label 'OUT_N'
[similar_labels]: Labels are similar (lower/upper case difference only)
    ; warning
    @(72.39 mm, 137.16 mm): Hierarchical Label 'Out_N'
    @(224.79 mm, 215.90 mm): Global Label 'OUT_N'
[similar_labels]: Labels are similar (lower/upper case difference only)
    ; warning
    @(72.39 mm, 137.16 mm): Hierarchical Label 'Out_N'
    @(139.70 mm, 250.19 mm): Global Label 'OUT_N'
[similar_labels]: Labels are similar (lower/upper case difference only)
    ; warning
    @(72.39 mm, 137.16 mm): Hierarchical Label 'Out_N'
    @(139.70 mm, 180.34 mm): Global Label 'OUT_N'
[similar_labels]: Labels are similar (lower/upper case difference only)
    ; warning
    @(72.39 mm, 137.16 mm): Hierarchical Label 'Out_N'
    @(224.79 mm, 180.34 mm): Global Label 'OUT_N'
[similar_labels]: Labels are similar (lower/upper case difference only)
    ; warning
    @(72.39 mm, 137.16 mm): Hierarchical Label 'Out_N'
    @(26.67 mm, 96.52 mm): Global Label 'OUT_N'
[similar_labels]: Labels are similar (lower/upper case difference only)
    ; warning
    @(72.39 mm, 137.16 mm): Hierarchical Label 'Out_N'
    @(139.70 mm, 74.93 mm): Global Label 'OUT_N'
[similar_labels]: Labels are similar (lower/upper case difference only)
    ; warning
    @(72.39 mm, 137.16 mm): Hierarchical Label 'Out_N'
    @(224.79 mm, 74.93 mm): Global Label 'OUT_N'
[similar_labels]: Labels are similar (lower/upper case difference only)
    ; warning
    @(72.39 mm, 137.16 mm): Hierarchical Label 'Out_N'
    @(43.18 mm, 167.64 mm): Global Label 'OUT_N'
[similar_labels]: Labels are similar (lower/upper case difference only)
    ; warning
    @(72.39 mm, 137.16 mm): Hierarchical Label 'Out_N'
    @(139.70 mm, 110.49 mm): Global Label 'OUT_N'
[similar_labels]: Labels are similar (lower/upper case difference only)
    ; warning
    @(72.39 mm, 142.24 mm): Hierarchical Label 'Out_P'
    @(139.70 mm, 72.39 mm): Global Label 'OUT_P'
[similar_labels]: Labels are similar (lower/upper case difference only)
    ; warning
    @(72.39 mm, 142.24 mm): Hierarchical Label 'Out_P'
    @(224.79 mm, 142.24 mm): Global Label 'OUT_P'
[similar_labels]: Labels are similar (lower/upper case difference only)
    ; warning
    @(72.39 mm, 142.24 mm): Hierarchical Label 'Out_P'
    @(139.70 mm, 177.80 mm): Global Label 'OUT_P'
[similar_labels]: Labels are similar (lower/upper case difference only)
    ; warning
    @(72.39 mm, 142.24 mm): Hierarchical Label 'Out_P'
    @(139.70 mm, 107.95 mm): Global Label 'OUT_P'
[similar_labels]: Labels are similar (lower/upper case difference only)
    ; warning
    @(72.39 mm, 142.24 mm): Hierarchical Label 'Out_P'
    @(43.18 mm, 162.56 mm): Global Label 'OUT_P'
[similar_labels]: Labels are similar (lower/upper case difference only)
    ; warning
    @(72.39 mm, 142.24 mm): Hierarchical Label 'Out_P'
    @(224.79 mm, 177.80 mm): Global Label 'OUT_P'
[similar_labels]: Labels are similar (lower/upper case difference only)
    ; warning
    @(72.39 mm, 142.24 mm): Hierarchical Label 'Out_P'
    @(224.79 mm, 72.39 mm): Global Label 'OUT_P'
[similar_labels]: Labels are similar (lower/upper case difference only)
    ; warning
    @(72.39 mm, 142.24 mm): Hierarchical Label 'Out_P'
    @(139.70 mm, 213.36 mm): Global Label 'OUT_P'
[similar_labels]: Labels are similar (lower/upper case difference only)
    ; warning
    @(72.39 mm, 142.24 mm): Hierarchical Label 'Out_P'
    @(139.70 mm, 142.24 mm): Global Label 'OUT_P'
[similar_labels]: Labels are similar (lower/upper case difference only)
    ; warning
    @(72.39 mm, 142.24 mm): Hierarchical Label 'Out_P'
    @(224.79 mm, 213.36 mm): Global Label 'OUT_P'
[similar_labels]: Labels are similar (lower/upper case difference only)
    ; warning
    @(72.39 mm, 142.24 mm): Hierarchical Label 'Out_P'
    @(224.79 mm, 247.65 mm): Global Label 'OUT_P'
[similar_labels]: Labels are similar (lower/upper case difference only)
    ; warning
    @(72.39 mm, 142.24 mm): Hierarchical Label 'Out_P'
    @(26.67 mm, 93.98 mm): Global Label 'OUT_P'
[similar_labels]: Labels are similar (lower/upper case difference only)
    ; warning
    @(72.39 mm, 142.24 mm): Hierarchical Label 'Out_P'
    @(224.79 mm, 107.95 mm): Global Label 'OUT_P'
[similar_labels]: Labels are similar (lower/upper case difference only)
    ; warning
    @(72.39 mm, 142.24 mm): Hierarchical Label 'Out_P'
    @(45.72 mm, 64.77 mm): Global Label 'OUT_P'
[similar_labels]: Labels are similar (lower/upper case difference only)
    ; warning
    @(72.39 mm, 142.24 mm): Hierarchical Label 'Out_P'
    @(26.67 mm, 82.55 mm): Global Label 'OUT_P'
[similar_labels]: Labels are similar (lower/upper case difference only)
    ; warning
    @(72.39 mm, 142.24 mm): Hierarchical Label 'Out_P'
    @(139.70 mm, 247.65 mm): Global Label 'OUT_P'
[similar_labels]: Labels are similar (lower/upper case difference only)
    ; warning
    @(198.12 mm, 138.43 mm): Hierarchical Label 'Out_N'
    @(224.79 mm, 250.19 mm): Global Label 'OUT_N'
[similar_labels]: Labels are similar (lower/upper case difference only)
    ; warning
    @(198.12 mm, 138.43 mm): Hierarchical Label 'Out_N'
    @(139.70 mm, 215.90 mm): Global Label 'OUT_N'
[similar_labels]: Labels are similar (lower/upper case difference only)
    ; warning
    @(198.12 mm, 138.43 mm): Hierarchical Label 'Out_N'
    @(224.79 mm, 110.49 mm): Global Label 'OUT_N'
[similar_labels]: Labels are similar (lower/upper case difference only)
    ; warning
    @(198.12 mm, 138.43 mm): Hierarchical Label 'Out_N'
    @(139.70 mm, 144.78 mm): Global Label 'OUT_N'
[similar_labels]: Labels are similar (lower/upper case difference only)
    ; warning
    @(198.12 mm, 138.43 mm): Hierarchical Label 'Out_N'
    @(224.79 mm, 144.78 mm): Global Label 'OUT_N'
[similar_labels]: Labels are similar (lower/upper case difference only)
    ; warning
    @(198.12 mm, 138.43 mm): Hierarchical Label 'Out_N'
    @(26.67 mm, 85.09 mm): Global Label 'OUT_N'
[similar_labels]: Labels are similar (lower/upper case difference only)
    ; warning
    @(198.12 mm, 138.43 mm): Hierarchical Label 'Out_N'
    @(45.72 mm, 69.85 mm): Global Label 'OUT_N'
[similar_labels]: Labels are similar (lower/upper case difference only)
    ; warning
    @(198.12 mm, 138.43 mm): Hierarchical Label 'Out_N'
    @(224.79 mm, 215.90 mm): Global Label 'OUT_N'
[similar_labels]: Labels are similar (lower/upper case difference only)
    ; warning
    @(198.12 mm, 138.43 mm): Hierarchical Label 'Out_N'
    @(139.70 mm, 250.19 mm): Global Label 'OUT_N'
[similar_labels]: Labels are similar (lower/upper case difference only)
    ; warning
    @(198.12 mm, 138.43 mm): Hierarchical Label 'Out_N'
    @(139.70 mm, 180.34 mm): Global Label 'OUT_N'
[similar_labels]: Labels are similar (lower/upper case difference only)
    ; warning
    @(198.12 mm, 138.43 mm): Hierarchical Label 'Out_N'
    @(224.79 mm, 180.34 mm): Global Label 'OUT_N'
[similar_labels]: Labels are similar (lower/upper case difference only)
    ; warning
    @(198.12 mm, 138.43 mm): Hierarchical Label 'Out_N'
    @(26.67 mm, 96.52 mm): Global Label 'OUT_N'
[similar_labels]: Labels are similar (lower/upper case difference only)
    ; warning
    @(198.12 mm, 138.43 mm): Hierarchical Label 'Out_N'
    @(139.70 mm, 74.93 mm): Global Label 'OUT_N'
[similar_labels]: Labels are similar (lower/upper case difference only)
    ; warning
    @(198.12 mm, 138.43 mm): Hierarchical Label 'Out_N'
    @(224.79 mm, 74.93 mm): Global Label 'OUT_N'
[similar_labels]: Labels are similar (lower/upper case difference only)
    ; warning
    @(198.12 mm, 138.43 mm): Hierarchical Label 'Out_N'
    @(43.18 mm, 167.64 mm): Global Label 'OUT_N'
[similar_labels]: Labels are similar (lower/upper case difference only)
    ; warning
    @(198.12 mm, 138.43 mm): Hierarchical Label 'Out_N'
    @(139.70 mm, 110.49 mm): Global Label 'OUT_N'
[similar_labels]: Labels are similar (lower/upper case difference only)
    ; warning
    @(198.12 mm, 143.51 mm): Hierarchical Label 'Out_P'
    @(139.70 mm, 72.39 mm): Global Label 'OUT_P'
[similar_labels]: Labels are similar (lower/upper case difference only)
    ; warning
    @(198.12 mm, 143.51 mm): Hierarchical Label 'Out_P'
    @(224.79 mm, 142.24 mm): Global Label 'OUT_P'
[similar_labels]: Labels are similar (lower/upper case difference only)
    ; warning
    @(198.12 mm, 143.51 mm): Hierarchical Label 'Out_P'
    @(139.70 mm, 177.80 mm): Global Label 'OUT_P'
[similar_labels]: Labels are similar (lower/upper case difference only)
    ; warning
    @(198.12 mm, 143.51 mm): Hierarchical Label 'Out_P'
    @(139.70 mm, 107.95 mm): Global Label 'OUT_P'
[similar_labels]: Labels are similar (lower/upper case difference only)
    ; warning
    @(198.12 mm, 143.51 mm): Hierarchical Label 'Out_P'
    @(43.18 mm, 162.56 mm): Global Label 'OUT_P'
[similar_labels]: Labels are similar (lower/upper case difference only)
    ; warning
    @(198.12 mm, 143.51 mm): Hierarchical Label 'Out_P'
    @(224.79 mm, 177.80 mm): Global Label 'OUT_P'
[similar_labels]: Labels are similar (lower/upper case difference only)
    ; warning
    @(198.12 mm, 143.51 mm): Hierarchical Label 'Out_P'
    @(224.79 mm, 72.39 mm): Global Label 'OUT_P'
[similar_labels]: Labels are similar (lower/upper case difference only)
    ; warning
    @(198.12 mm, 143.51 mm): Hierarchical Label 'Out_P'
    @(139.70 mm, 213.36 mm): Global Label 'OUT_P'
[similar_labels]: Labels are similar (lower/upper case difference only)
    ; warning
    @(198.12 mm, 143.51 mm): Hierarchical Label 'Out_P'
    @(139.70 mm, 142.24 mm): Global Label 'OUT_P'
[similar_labels]: Labels are similar (lower/upper case difference only)
    ; warning
    @(198.12 mm, 143.51 mm): Hierarchical Label 'Out_P'
    @(224.79 mm, 213.36 mm): Global Label 'OUT_P'
[similar_labels]: Labels are similar (lower/upper case difference only)
    ; warning
    @(198.12 mm, 143.51 mm): Hierarchical Label 'Out_P'
    @(224.79 mm, 247.65 mm): Global Label 'OUT_P'
[similar_labels]: Labels are similar (lower/upper case difference only)
    ; warning
    @(198.12 mm, 143.51 mm): Hierarchical Label 'Out_P'
    @(26.67 mm, 93.98 mm): Global Label 'OUT_P'
[similar_labels]: Labels are similar (lower/upper case difference only)
    ; warning
    @(198.12 mm, 143.51 mm): Hierarchical Label 'Out_P'
    @(224.79 mm, 107.95 mm): Global Label 'OUT_P'
[similar_labels]: Labels are similar (lower/upper case difference only)
    ; warning
    @(198.12 mm, 143.51 mm): Hierarchical Label 'Out_P'
    @(45.72 mm, 64.77 mm): Global Label 'OUT_P'
[similar_labels]: Labels are similar (lower/upper case difference only)
    ; warning
    @(198.12 mm, 143.51 mm): Hierarchical Label 'Out_P'
    @(26.67 mm, 82.55 mm): Global Label 'OUT_P'
[similar_labels]: Labels are similar (lower/upper case difference only)
    ; warning
    @(198.12 mm, 143.51 mm): Hierarchical Label 'Out_P'
    @(139.70 mm, 247.65 mm): Global Label 'OUT_P'

***** Sheet /Relay_group4/
[similar_labels]: Labels are similar (lower/upper case difference only)
    ; warning
    @(38.10 mm, 29.21 mm): Hierarchical Label 'Synchronous_clear'
    @(224.79 mm, 90.17 mm): Global Label 'synchronous_clear'
[similar_labels]: Labels are similar (lower/upper case difference only)
    ; warning
    @(38.10 mm, 29.21 mm): Hierarchical Label 'Synchronous_clear'
    @(139.70 mm, 54.61 mm): Global Label 'synchronous_clear'
[similar_labels]: Labels are similar (lower/upper case difference only)
    ; warning
    @(38.10 mm, 29.21 mm): Hierarchical Label 'Synchronous_clear'
    @(224.79 mm, 195.58 mm): Global Label 'synchronous_clear'
[similar_labels]: Labels are similar (lower/upper case difference only)
    ; warning
    @(38.10 mm, 29.21 mm): Hierarchical Label 'Synchronous_clear'
    @(224.79 mm, 229.87 mm): Global Label 'synchronous_clear'
[similar_labels]: Labels are similar (lower/upper case difference only)
    ; warning
    @(38.10 mm, 29.21 mm): Hierarchical Label 'Synchronous_clear'
    @(88.90 mm, 38.10 mm): Global Label 'synchronous_clear'
[similar_labels]: Labels are similar (lower/upper case difference only)
    ; warning
    @(38.10 mm, 29.21 mm): Hierarchical Label 'Synchronous_clear'
    @(139.70 mm, 160.02 mm): Global Label 'synchronous_clear'
[similar_labels]: Labels are similar (lower/upper case difference only)
    ; warning
    @(38.10 mm, 29.21 mm): Hierarchical Label 'Synchronous_clear'
    @(139.70 mm, 195.58 mm): Global Label 'synchronous_clear'
[similar_labels]: Labels are similar (lower/upper case difference only)
    ; warning
    @(38.10 mm, 29.21 mm): Hierarchical Label 'Synchronous_clear'
    @(224.79 mm, 160.02 mm): Global Label 'synchronous_clear'
[similar_labels]: Labels are similar (lower/upper case difference only)
    ; warning
    @(38.10 mm, 29.21 mm): Hierarchical Label 'Synchronous_clear'
    @(139.70 mm, 124.46 mm): Global Label 'synchronous_clear'
[similar_labels]: Labels are similar (lower/upper case difference only)
    ; warning
    @(38.10 mm, 29.21 mm): Hierarchical Label 'Synchronous_clear'
    @(139.70 mm, 229.87 mm): Global Label 'synchronous_clear'
[similar_labels]: Labels are similar (lower/upper case difference only)
    ; warning
    @(38.10 mm, 29.21 mm): Hierarchical Label 'Synchronous_clear'
    @(139.70 mm, 90.17 mm): Global Label 'synchronous_clear'
[similar_labels]: Labels are similar (lower/upper case difference only)
    ; warning
    @(38.10 mm, 29.21 mm): Hierarchical Label 'Synchronous_clear'
    @(224.79 mm, 124.46 mm): Global Label 'synchronous_clear'
[similar_labels]: Labels are similar (lower/upper case difference only)
    ; warning
    @(38.10 mm, 29.21 mm): Hierarchical Label 'Synchronous_clear'
    @(224.79 mm, 54.61 mm): Global Label 'synchronous_clear'
[similar_labels]: Labels are similar (lower/upper case difference only)
    ; warning
    @(38.10 mm, 29.21 mm): Hierarchical Label 'Synchronous_clear'
    @(80.01 mm, 135.89 mm): Global Label 'synchronous_clear'
[similar_labels]: Labels are similar (lower/upper case difference only)
    ; warning
    @(38.10 mm, 29.21 mm): Hierarchical Label 'Synchronous_clear'
    @(26.67 mm, 38.10 mm): Global Label 'synchronous_clear'
[similar_labels]: Labels are similar (lower/upper case difference only)
    ; warning
    @(72.39 mm, 137.16 mm): Hierarchical Label 'Out_N'
    @(224.79 mm, 250.19 mm): Global Label 'OUT_N'
[similar_labels]: Labels are similar (lower/upper case difference only)
    ; warning
    @(72.39 mm, 137.16 mm): Hierarchical Label 'Out_N'
    @(139.70 mm, 215.90 mm): Global Label 'OUT_N'
[similar_labels]: Labels are similar (lower/upper case difference only)
    ; warning
    @(72.39 mm, 137.16 mm): Hierarchical Label 'Out_N'
    @(224.79 mm, 110.49 mm): Global Label 'OUT_N'
[similar_labels]: Labels are similar (lower/upper case difference only)
    ; warning
    @(72.39 mm, 137.16 mm): Hierarchical Label 'Out_N'
    @(139.70 mm, 144.78 mm): Global Label 'OUT_N'
[similar_labels]: Labels are similar (lower/upper case difference only)
    ; warning
    @(72.39 mm, 137.16 mm): Hierarchical Label 'Out_N'
    @(224.79 mm, 144.78 mm): Global Label 'OUT_N'
[similar_labels]: Labels are similar (lower/upper case difference only)
    ; warning
    @(72.39 mm, 137.16 mm): Hierarchical Label 'Out_N'
    @(26.67 mm, 85.09 mm): Global Label 'OUT_N'
[similar_labels]: Labels are similar (lower/upper case difference only)
    ; warning
    @(72.39 mm, 137.16 mm): Hierarchical Label 'Out_N'
    @(45.72 mm, 69.85 mm): Global Label 'OUT_N'
[similar_labels]: Labels are similar (lower/upper case difference only)
    ; warning
    @(72.39 mm, 137.16 mm): Hierarchical Label 'Out_N'
    @(224.79 mm, 215.90 mm): Global Label 'OUT_N'
[similar_labels]: Labels are similar (lower/upper case difference only)
    ; warning
    @(72.39 mm, 137.16 mm): Hierarchical Label 'Out_N'
    @(139.70 mm, 250.19 mm): Global Label 'OUT_N'
[similar_labels]: Labels are similar (lower/upper case difference only)
    ; warning
    @(72.39 mm, 137.16 mm): Hierarchical Label 'Out_N'
    @(139.70 mm, 180.34 mm): Global Label 'OUT_N'
[similar_labels]: Labels are similar (lower/upper case difference only)
    ; warning
    @(72.39 mm, 137.16 mm): Hierarchical Label 'Out_N'
    @(224.79 mm, 180.34 mm): Global Label 'OUT_N'
[similar_labels]: Labels are similar (lower/upper case difference only)
    ; warning
    @(72.39 mm, 137.16 mm): Hierarchical Label 'Out_N'
    @(26.67 mm, 96.52 mm): Global Label 'OUT_N'
[similar_labels]: Labels are similar (lower/upper case difference only)
    ; warning
    @(72.39 mm, 137.16 mm): Hierarchical Label 'Out_N'
    @(139.70 mm, 74.93 mm): Global Label 'OUT_N'
[similar_labels]: Labels are similar (lower/upper case difference only)
    ; warning
    @(72.39 mm, 137.16 mm): Hierarchical Label 'Out_N'
    @(224.79 mm, 74.93 mm): Global Label 'OUT_N'
[similar_labels]: Labels are similar (lower/upper case difference only)
    ; warning
    @(72.39 mm, 137.16 mm): Hierarchical Label 'Out_N'
    @(43.18 mm, 167.64 mm): Global Label 'OUT_N'
[similar_labels]: Labels are similar (lower/upper case difference only)
    ; warning
    @(72.39 mm, 137.16 mm): Hierarchical Label 'Out_N'
    @(139.70 mm, 110.49 mm): Global Label 'OUT_N'
[similar_labels]: Labels are similar (lower/upper case difference only)
    ; warning
    @(72.39 mm, 142.24 mm): Hierarchical Label 'Out_P'
    @(139.70 mm, 72.39 mm): Global Label 'OUT_P'
[similar_labels]: Labels are similar (lower/upper case difference only)
    ; warning
    @(72.39 mm, 142.24 mm): Hierarchical Label 'Out_P'
    @(224.79 mm, 142.24 mm): Global Label 'OUT_P'
[similar_labels]: Labels are similar (lower/upper case difference only)
    ; warning
    @(72.39 mm, 142.24 mm): Hierarchical Label 'Out_P'
    @(139.70 mm, 177.80 mm): Global Label 'OUT_P'
[similar_labels]: Labels are similar (lower/upper case difference only)
    ; warning
    @(72.39 mm, 142.24 mm): Hierarchical Label 'Out_P'
    @(139.70 mm, 107.95 mm): Global Label 'OUT_P'
[similar_labels]: Labels are similar (lower/upper case difference only)
    ; warning
    @(72.39 mm, 142.24 mm): Hierarchical Label 'Out_P'
    @(43.18 mm, 162.56 mm): Global Label 'OUT_P'
[similar_labels]: Labels are similar (lower/upper case difference only)
    ; warning
    @(72.39 mm, 142.24 mm): Hierarchical Label 'Out_P'
    @(224.79 mm, 177.80 mm): Global Label 'OUT_P'
[similar_labels]: Labels are similar (lower/upper case difference only)
    ; warning
    @(72.39 mm, 142.24 mm): Hierarchical Label 'Out_P'
    @(224.79 mm, 72.39 mm): Global Label 'OUT_P'
[similar_labels]: Labels are similar (lower/upper case difference only)
    ; warning
    @(72.39 mm, 142.24 mm): Hierarchical Label 'Out_P'
    @(139.70 mm, 213.36 mm): Global Label 'OUT_P'
[similar_labels]: Labels are similar (lower/upper case difference only)
    ; warning
    @(72.39 mm, 142.24 mm): Hierarchical Label 'Out_P'
    @(139.70 mm, 142.24 mm): Global Label 'OUT_P'
[similar_labels]: Labels are similar (lower/upper case difference only)
    ; warning
    @(72.39 mm, 142.24 mm): Hierarchical Label 'Out_P'
    @(224.79 mm, 213.36 mm): Global Label 'OUT_P'
[similar_labels]: Labels are similar (lower/upper case difference only)
    ; warning
    @(72.39 mm, 142.24 mm): Hierarchical Label 'Out_P'
    @(224.79 mm, 247.65 mm): Global Label 'OUT_P'
[similar_labels]: Labels are similar (lower/upper case difference only)
    ; warning
    @(72.39 mm, 142.24 mm): Hierarchical Label 'Out_P'
    @(26.67 mm, 93.98 mm): Global Label 'OUT_P'
[similar_labels]: Labels are similar (lower/upper case difference only)
    ; warning
    @(72.39 mm, 142.24 mm): Hierarchical Label 'Out_P'
    @(224.79 mm, 107.95 mm): Global Label 'OUT_P'
[similar_labels]: Labels are similar (lower/upper case difference only)
    ; warning
    @(72.39 mm, 142.24 mm): Hierarchical Label 'Out_P'
    @(45.72 mm, 64.77 mm): Global Label 'OUT_P'
[similar_labels]: Labels are similar (lower/upper case difference only)
    ; warning
    @(72.39 mm, 142.24 mm): Hierarchical Label 'Out_P'
    @(26.67 mm, 82.55 mm): Global Label 'OUT_P'
[similar_labels]: Labels are similar (lower/upper case difference only)
    ; warning
    @(72.39 mm, 142.24 mm): Hierarchical Label 'Out_P'
    @(139.70 mm, 247.65 mm): Global Label 'OUT_P'
[similar_labels]: Labels are similar (lower/upper case difference only)
    ; warning
    @(198.12 mm, 138.43 mm): Hierarchical Label 'Out_N'
    @(224.79 mm, 250.19 mm): Global Label 'OUT_N'
[similar_labels]: Labels are similar (lower/upper case difference only)
    ; warning
    @(198.12 mm, 138.43 mm): Hierarchical Label 'Out_N'
    @(139.70 mm, 215.90 mm): Global Label 'OUT_N'
[similar_labels]: Labels are similar (lower/upper case difference only)
    ; warning
    @(198.12 mm, 138.43 mm): Hierarchical Label 'Out_N'
    @(224.79 mm, 110.49 mm): Global Label 'OUT_N'
[similar_labels]: Labels are similar (lower/upper case difference only)
    ; warning
    @(198.12 mm, 138.43 mm): Hierarchical Label 'Out_N'
    @(139.70 mm, 144.78 mm): Global Label 'OUT_N'
[similar_labels]: Labels are similar (lower/upper case difference only)
    ; warning
    @(198.12 mm, 138.43 mm): Hierarchical Label 'Out_N'
    @(224.79 mm, 144.78 mm): Global Label 'OUT_N'
[similar_labels]: Labels are similar (lower/upper case difference only)
    ; warning
    @(198.12 mm, 138.43 mm): Hierarchical Label 'Out_N'
    @(26.67 mm, 85.09 mm): Global Label 'OUT_N'
[similar_labels]: Labels are similar (lower/upper case difference only)
    ; warning
    @(198.12 mm, 138.43 mm): Hierarchical Label 'Out_N'
    @(45.72 mm, 69.85 mm): Global Label 'OUT_N'
[similar_labels]: Labels are similar (lower/upper case difference only)
    ; warning
    @(198.12 mm, 138.43 mm): Hierarchical Label 'Out_N'
    @(224.79 mm, 215.90 mm): Global Label 'OUT_N'
[similar_labels]: Labels are similar (lower/upper case difference only)
    ; warning
    @(198.12 mm, 138.43 mm): Hierarchical Label 'Out_N'
    @(139.70 mm, 250.19 mm): Global Label 'OUT_N'
[similar_labels]: Labels are similar (lower/upper case difference only)
    ; warning
    @(198.12 mm, 138.43 mm): Hierarchical Label 'Out_N'
    @(139.70 mm, 180.34 mm): Global Label 'OUT_N'
[similar_labels]: Labels are similar (lower/upper case difference only)
    ; warning
    @(198.12 mm, 138.43 mm): Hierarchical Label 'Out_N'
    @(224.79 mm, 180.34 mm): Global Label 'OUT_N'
[similar_labels]: Labels are similar (lower/upper case difference only)
    ; warning
    @(198.12 mm, 138.43 mm): Hierarchical Label 'Out_N'
    @(26.67 mm, 96.52 mm): Global Label 'OUT_N'
[similar_labels]: Labels are similar (lower/upper case difference only)
    ; warning
    @(198.12 mm, 138.43 mm): Hierarchical Label 'Out_N'
    @(139.70 mm, 74.93 mm): Global Label 'OUT_N'
[similar_labels]: Labels are similar (lower/upper case difference only)
    ; warning
    @(198.12 mm, 138.43 mm): Hierarchical Label 'Out_N'
    @(224.79 mm, 74.93 mm): Global Label 'OUT_N'
[similar_labels]: Labels are similar (lower/upper case difference only)
    ; warning
    @(198.12 mm, 138.43 mm): Hierarchical Label 'Out_N'
    @(43.18 mm, 167.64 mm): Global Label 'OUT_N'
[similar_labels]: Labels are similar (lower/upper case difference only)
    ; warning
    @(198.12 mm, 138.43 mm): Hierarchical Label 'Out_N'
    @(139.70 mm, 110.49 mm): Global Label 'OUT_N'
[similar_labels]: Labels are similar (lower/upper case difference only)
    ; warning
    @(198.12 mm, 143.51 mm): Hierarchical Label 'Out_P'
    @(139.70 mm, 72.39 mm): Global Label 'OUT_P'
[similar_labels]: Labels are similar (lower/upper case difference only)
    ; warning
    @(198.12 mm, 143.51 mm): Hierarchical Label 'Out_P'
    @(224.79 mm, 142.24 mm): Global Label 'OUT_P'
[similar_labels]: Labels are similar (lower/upper case difference only)
    ; warning
    @(198.12 mm, 143.51 mm): Hierarchical Label 'Out_P'
    @(139.70 mm, 177.80 mm): Global Label 'OUT_P'
[similar_labels]: Labels are similar (lower/upper case difference only)
    ; warning
    @(198.12 mm, 143.51 mm): Hierarchical Label 'Out_P'
    @(139.70 mm, 107.95 mm): Global Label 'OUT_P'
[similar_labels]: Labels are similar (lower/upper case difference only)
    ; warning
    @(198.12 mm, 143.51 mm): Hierarchical Label 'Out_P'
    @(43.18 mm, 162.56 mm): Global Label 'OUT_P'
[similar_labels]: Labels are similar (lower/upper case difference only)
    ; warning
    @(198.12 mm, 143.51 mm): Hierarchical Label 'Out_P'
    @(224.79 mm, 177.80 mm): Global Label 'OUT_P'
[similar_labels]: Labels are similar (lower/upper case difference only)
    ; warning
    @(198.12 mm, 143.51 mm): Hierarchical Label 'Out_P'
    @(224.79 mm, 72.39 mm): Global Label 'OUT_P'
[similar_labels]: Labels are similar (lower/upper case difference only)
    ; warning
    @(198.12 mm, 143.51 mm): Hierarchical Label 'Out_P'
    @(139.70 mm, 213.36 mm): Global Label 'OUT_P'
[similar_labels]: Labels are similar (lower/upper case difference only)
    ; warning
    @(198.12 mm, 143.51 mm): Hierarchical Label 'Out_P'
    @(139.70 mm, 142.24 mm): Global Label 'OUT_P'
[similar_labels]: Labels are similar (lower/upper case difference only)
    ; warning
    @(198.12 mm, 143.51 mm): Hierarchical Label 'Out_P'
    @(224.79 mm, 213.36 mm): Global Label 'OUT_P'
[similar_labels]: Labels are similar (lower/upper case difference only)
    ; warning
    @(198.12 mm, 143.51 mm): Hierarchical Label 'Out_P'
    @(224.79 mm, 247.65 mm): Global Label 'OUT_P'
[similar_labels]: Labels are similar (lower/upper case difference only)
    ; warning
    @(198.12 mm, 143.51 mm): Hierarchical Label 'Out_P'
    @(26.67 mm, 93.98 mm): Global Label 'OUT_P'
[similar_labels]: Labels are similar (lower/upper case difference only)
    ; warning
    @(198.12 mm, 143.51 mm): Hierarchical Label 'Out_P'
    @(224.79 mm, 107.95 mm): Global Label 'OUT_P'
[similar_labels]: Labels are similar (lower/upper case difference only)
    ; warning
    @(198.12 mm, 143.51 mm): Hierarchical Label 'Out_P'
    @(45.72 mm, 64.77 mm): Global Label 'OUT_P'
[similar_labels]: Labels are similar (lower/upper case difference only)
    ; warning
    @(198.12 mm, 143.51 mm): Hierarchical Label 'Out_P'
    @(26.67 mm, 82.55 mm): Global Label 'OUT_P'
[similar_labels]: Labels are similar (lower/upper case difference only)
    ; warning
    @(198.12 mm, 143.51 mm): Hierarchical Label 'Out_P'
    @(139.70 mm, 247.65 mm): Global Label 'OUT_P'

***** Sheet /Relay_group5/
[similar_labels]: Labels are similar (lower/upper case difference only)
    ; warning
    @(38.10 mm, 29.21 mm): Hierarchical Label 'Synchronous_clear'
    @(224.79 mm, 90.17 mm): Global Label 'synchronous_clear'
[similar_labels]: Labels are similar (lower/upper case difference only)
    ; warning
    @(38.10 mm, 29.21 mm): Hierarchical Label 'Synchronous_clear'
    @(139.70 mm, 54.61 mm): Global Label 'synchronous_clear'
[similar_labels]: Labels are similar (lower/upper case difference only)
    ; warning
    @(38.10 mm, 29.21 mm): Hierarchical Label 'Synchronous_clear'
    @(224.79 mm, 195.58 mm): Global Label 'synchronous_clear'
[similar_labels]: Labels are similar (lower/upper case difference only)
    ; warning
    @(38.10 mm, 29.21 mm): Hierarchical Label 'Synchronous_clear'
    @(224.79 mm, 229.87 mm): Global Label 'synchronous_clear'
[similar_labels]: Labels are similar (lower/upper case difference only)
    ; warning
    @(38.10 mm, 29.21 mm): Hierarchical Label 'Synchronous_clear'
    @(88.90 mm, 38.10 mm): Global Label 'synchronous_clear'
[similar_labels]: Labels are similar (lower/upper case difference only)
    ; warning
    @(38.10 mm, 29.21 mm): Hierarchical Label 'Synchronous_clear'
    @(139.70 mm, 160.02 mm): Global Label 'synchronous_clear'
[similar_labels]: Labels are similar (lower/upper case difference only)
    ; warning
    @(38.10 mm, 29.21 mm): Hierarchical Label 'Synchronous_clear'
    @(139.70 mm, 195.58 mm): Global Label 'synchronous_clear'
[similar_labels]: Labels are similar (lower/upper case difference only)
    ; warning
    @(38.10 mm, 29.21 mm): Hierarchical Label 'Synchronous_clear'
    @(224.79 mm, 160.02 mm): Global Label 'synchronous_clear'
[similar_labels]: Labels are similar (lower/upper case difference only)
    ; warning
    @(38.10 mm, 29.21 mm): Hierarchical Label 'Synchronous_clear'
    @(139.70 mm, 124.46 mm): Global Label 'synchronous_clear'
[similar_labels]: Labels are similar (lower/upper case difference only)
    ; warning
    @(38.10 mm, 29.21 mm): Hierarchical Label 'Synchronous_clear'
    @(139.70 mm, 229.87 mm): Global Label 'synchronous_clear'
[similar_labels]: Labels are similar (lower/upper case difference only)
    ; warning
    @(38.10 mm, 29.21 mm): Hierarchical Label 'Synchronous_clear'
    @(139.70 mm, 90.17 mm): Global Label 'synchronous_clear'
[similar_labels]: Labels are similar (lower/upper case difference only)
    ; warning
    @(38.10 mm, 29.21 mm): Hierarchical Label 'Synchronous_clear'
    @(224.79 mm, 124.46 mm): Global Label 'synchronous_clear'
[similar_labels]: Labels are similar (lower/upper case difference only)
    ; warning
    @(38.10 mm, 29.21 mm): Hierarchical Label 'Synchronous_clear'
    @(224.79 mm, 54.61 mm): Global Label 'synchronous_clear'
[similar_labels]: Labels are similar (lower/upper case difference only)
    ; warning
    @(38.10 mm, 29.21 mm): Hierarchical Label 'Synchronous_clear'
    @(80.01 mm, 135.89 mm): Global Label 'synchronous_clear'
[similar_labels]: Labels are similar (lower/upper case difference only)
    ; warning
    @(38.10 mm, 29.21 mm): Hierarchical Label 'Synchronous_clear'
    @(26.67 mm, 38.10 mm): Global Label 'synchronous_clear'
[similar_labels]: Labels are similar (lower/upper case difference only)
    ; warning
    @(72.39 mm, 137.16 mm): Hierarchical Label 'Out_N'
    @(224.79 mm, 250.19 mm): Global Label 'OUT_N'
[similar_labels]: Labels are similar (lower/upper case difference only)
    ; warning
    @(72.39 mm, 137.16 mm): Hierarchical Label 'Out_N'
    @(139.70 mm, 215.90 mm): Global Label 'OUT_N'
[similar_labels]: Labels are similar (lower/upper case difference only)
    ; warning
    @(72.39 mm, 137.16 mm): Hierarchical Label 'Out_N'
    @(224.79 mm, 110.49 mm): Global Label 'OUT_N'
[similar_labels]: Labels are similar (lower/upper case difference only)
    ; warning
    @(72.39 mm, 137.16 mm): Hierarchical Label 'Out_N'
    @(139.70 mm, 144.78 mm): Global Label 'OUT_N'
[similar_labels]: Labels are similar (lower/upper case difference only)
    ; warning
    @(72.39 mm, 137.16 mm): Hierarchical Label 'Out_N'
    @(224.79 mm, 144.78 mm): Global Label 'OUT_N'
[similar_labels]: Labels are similar (lower/upper case difference only)
    ; warning
    @(72.39 mm, 137.16 mm): Hierarchical Label 'Out_N'
    @(26.67 mm, 85.09 mm): Global Label 'OUT_N'
[similar_labels]: Labels are similar (lower/upper case difference only)
    ; warning
    @(72.39 mm, 137.16 mm): Hierarchical Label 'Out_N'
    @(45.72 mm, 69.85 mm): Global Label 'OUT_N'
[similar_labels]: Labels are similar (lower/upper case difference only)
    ; warning
    @(72.39 mm, 137.16 mm): Hierarchical Label 'Out_N'
    @(224.79 mm, 215.90 mm): Global Label 'OUT_N'
[similar_labels]: Labels are similar (lower/upper case difference only)
    ; warning
    @(72.39 mm, 137.16 mm): Hierarchical Label 'Out_N'
    @(139.70 mm, 250.19 mm): Global Label 'OUT_N'
[similar_labels]: Labels are similar (lower/upper case difference only)
    ; warning
    @(72.39 mm, 137.16 mm): Hierarchical Label 'Out_N'
    @(139.70 mm, 180.34 mm): Global Label 'OUT_N'
[similar_labels]: Labels are similar (lower/upper case difference only)
    ; warning
    @(72.39 mm, 137.16 mm): Hierarchical Label 'Out_N'
    @(224.79 mm, 180.34 mm): Global Label 'OUT_N'
[similar_labels]: Labels are similar (lower/upper case difference only)
    ; warning
    @(72.39 mm, 137.16 mm): Hierarchical Label 'Out_N'
    @(26.67 mm, 96.52 mm): Global Label 'OUT_N'
[similar_labels]: Labels are similar (lower/upper case difference only)
    ; warning
    @(72.39 mm, 137.16 mm): Hierarchical Label 'Out_N'
    @(139.70 mm, 74.93 mm): Global Label 'OUT_N'
[similar_labels]: Labels are similar (lower/upper case difference only)
    ; warning
    @(72.39 mm, 137.16 mm): Hierarchical Label 'Out_N'
    @(224.79 mm, 74.93 mm): Global Label 'OUT_N'
[similar_labels]: Labels are similar (lower/upper case difference only)
    ; warning
    @(72.39 mm, 137.16 mm): Hierarchical Label 'Out_N'
    @(43.18 mm, 167.64 mm): Global Label 'OUT_N'
[similar_labels]: Labels are similar (lower/upper case difference only)
    ; warning
    @(72.39 mm, 137.16 mm): Hierarchical Label 'Out_N'
    @(139.70 mm, 110.49 mm): Global Label 'OUT_N'
[similar_labels]: Labels are similar (lower/upper case difference only)
    ; warning
    @(72.39 mm, 142.24 mm): Hierarchical Label 'Out_P'
    @(139.70 mm, 72.39 mm): Global Label 'OUT_P'
[similar_labels]: Labels are similar (lower/upper case difference only)
    ; warning
    @(72.39 mm, 142.24 mm): Hierarchical Label 'Out_P'
    @(224.79 mm, 142.24 mm): Global Label 'OUT_P'
[similar_labels]: Labels are similar (lower/upper case difference only)
    ; warning
    @(72.39 mm, 142.24 mm): Hierarchical Label 'Out_P'
    @(139.70 mm, 177.80 mm): Global Label 'OUT_P'
[similar_labels]: Labels are similar (lower/upper case difference only)
    ; warning
    @(72.39 mm, 142.24 mm): Hierarchical Label 'Out_P'
    @(139.70 mm, 107.95 mm): Global Label 'OUT_P'
[similar_labels]: Labels are similar (lower/upper case difference only)
    ; warning
    @(72.39 mm, 142.24 mm): Hierarchical Label 'Out_P'
    @(43.18 mm, 162.56 mm): Global Label 'OUT_P'
[similar_labels]: Labels are similar (lower/upper case difference only)
    ; warning
    @(72.39 mm, 142.24 mm): Hierarchical Label 'Out_P'
    @(224.79 mm, 177.80 mm): Global Label 'OUT_P'
[similar_labels]: Labels are similar (lower/upper case difference only)
    ; warning
    @(72.39 mm, 142.24 mm): Hierarchical Label 'Out_P'
    @(224.79 mm, 72.39 mm): Global Label 'OUT_P'
[similar_labels]: Labels are similar (lower/upper case difference only)
    ; warning
    @(72.39 mm, 142.24 mm): Hierarchical Label 'Out_P'
    @(139.70 mm, 213.36 mm): Global Label 'OUT_P'
[similar_labels]: Labels are similar (lower/upper case difference only)
    ; warning
    @(72.39 mm, 142.24 mm): Hierarchical Label 'Out_P'
    @(139.70 mm, 142.24 mm): Global Label 'OUT_P'
[similar_labels]: Labels are similar (lower/upper case difference only)
    ; warning
    @(72.39 mm, 142.24 mm): Hierarchical Label 'Out_P'
    @(224.79 mm, 213.36 mm): Global Label 'OUT_P'
[similar_labels]: Labels are similar (lower/upper case difference only)
    ; warning
    @(72.39 mm, 142.24 mm): Hierarchical Label 'Out_P'
    @(224.79 mm, 247.65 mm): Global Label 'OUT_P'
[similar_labels]: Labels are similar (lower/upper case difference only)
    ; warning
    @(72.39 mm, 142.24 mm): Hierarchical Label 'Out_P'
    @(26.67 mm, 93.98 mm): Global Label 'OUT_P'
[similar_labels]: Labels are similar (lower/upper case difference only)
    ; warning
    @(72.39 mm, 142.24 mm): Hierarchical Label 'Out_P'
    @(224.79 mm, 107.95 mm): Global Label 'OUT_P'
[similar_labels]: Labels are similar (lower/upper case difference only)
    ; warning
    @(72.39 mm, 142.24 mm): Hierarchical Label 'Out_P'
    @(45.72 mm, 64.77 mm): Global Label 'OUT_P'
[similar_labels]: Labels are similar (lower/upper case difference only)
    ; warning
    @(72.39 mm, 142.24 mm): Hierarchical Label 'Out_P'
    @(26.67 mm, 82.55 mm): Global Label 'OUT_P'
[similar_labels]: Labels are similar (lower/upper case difference only)
    ; warning
    @(72.39 mm, 142.24 mm): Hierarchical Label 'Out_P'
    @(139.70 mm, 247.65 mm): Global Label 'OUT_P'
[similar_labels]: Labels are similar (lower/upper case difference only)
    ; warning
    @(198.12 mm, 138.43 mm): Hierarchical Label 'Out_N'
    @(224.79 mm, 250.19 mm): Global Label 'OUT_N'
[similar_labels]: Labels are similar (lower/upper case difference only)
    ; warning
    @(198.12 mm, 138.43 mm): Hierarchical Label 'Out_N'
    @(139.70 mm, 215.90 mm): Global Label 'OUT_N'
[similar_labels]: Labels are similar (lower/upper case difference only)
    ; warning
    @(198.12 mm, 138.43 mm): Hierarchical Label 'Out_N'
    @(224.79 mm, 110.49 mm): Global Label 'OUT_N'
[similar_labels]: Labels are similar (lower/upper case difference only)
    ; warning
    @(198.12 mm, 138.43 mm): Hierarchical Label 'Out_N'
    @(139.70 mm, 144.78 mm): Global Label 'OUT_N'
[similar_labels]: Labels are similar (lower/upper case difference only)
    ; warning
    @(198.12 mm, 138.43 mm): Hierarchical Label 'Out_N'
    @(224.79 mm, 144.78 mm): Global Label 'OUT_N'
[similar_labels]: Labels are similar (lower/upper case difference only)
    ; warning
    @(198.12 mm, 138.43 mm): Hierarchical Label 'Out_N'
    @(26.67 mm, 85.09 mm): Global Label 'OUT_N'
[similar_labels]: Labels are similar (lower/upper case difference only)
    ; warning
    @(198.12 mm, 138.43 mm): Hierarchical Label 'Out_N'
    @(45.72 mm, 69.85 mm): Global Label 'OUT_N'
[similar_labels]: Labels are similar (lower/upper case difference only)
    ; warning
    @(198.12 mm, 138.43 mm): Hierarchical Label 'Out_N'
    @(224.79 mm, 215.90 mm): Global Label 'OUT_N'
[similar_labels]: Labels are similar (lower/upper case difference only)
    ; warning
    @(198.12 mm, 138.43 mm): Hierarchical Label 'Out_N'
    @(139.70 mm, 250.19 mm): Global Label 'OUT_N'
[similar_labels]: Labels are similar (lower/upper case difference only)
    ; warning
    @(198.12 mm, 138.43 mm): Hierarchical Label 'Out_N'
    @(139.70 mm, 180.34 mm): Global Label 'OUT_N'
[similar_labels]: Labels are similar (lower/upper case difference only)
    ; warning
    @(198.12 mm, 138.43 mm): Hierarchical Label 'Out_N'
    @(224.79 mm, 180.34 mm): Global Label 'OUT_N'
[similar_labels]: Labels are similar (lower/upper case difference only)
    ; warning
    @(198.12 mm, 138.43 mm): Hierarchical Label 'Out_N'
    @(26.67 mm, 96.52 mm): Global Label 'OUT_N'
[similar_labels]: Labels are similar (lower/upper case difference only)
    ; warning
    @(198.12 mm, 138.43 mm): Hierarchical Label 'Out_N'
    @(139.70 mm, 74.93 mm): Global Label 'OUT_N'
[similar_labels]: Labels are similar (lower/upper case difference only)
    ; warning
    @(198.12 mm, 138.43 mm): Hierarchical Label 'Out_N'
    @(224.79 mm, 74.93 mm): Global Label 'OUT_N'
[similar_labels]: Labels are similar (lower/upper case difference only)
    ; warning
    @(198.12 mm, 138.43 mm): Hierarchical Label 'Out_N'
    @(43.18 mm, 167.64 mm): Global Label 'OUT_N'
[similar_labels]: Labels are similar (lower/upper case difference only)
    ; warning
    @(198.12 mm, 138.43 mm): Hierarchical Label 'Out_N'
    @(139.70 mm, 110.49 mm): Global Label 'OUT_N'
[similar_labels]: Labels are similar (lower/upper case difference only)
    ; warning
    @(198.12 mm, 143.51 mm): Hierarchical Label 'Out_P'
    @(139.70 mm, 72.39 mm): Global Label 'OUT_P'
[similar_labels]: Labels are similar (lower/upper case difference only)
    ; warning
    @(198.12 mm, 143.51 mm): Hierarchical Label 'Out_P'
    @(224.79 mm, 142.24 mm): Global Label 'OUT_P'
[similar_labels]: Labels are similar (lower/upper case difference only)
    ; warning
    @(198.12 mm, 143.51 mm): Hierarchical Label 'Out_P'
    @(139.70 mm, 177.80 mm): Global Label 'OUT_P'
[similar_labels]: Labels are similar (lower/upper case difference only)
    ; warning
    @(198.12 mm, 143.51 mm): Hierarchical Label 'Out_P'
    @(139.70 mm, 107.95 mm): Global Label 'OUT_P'
[similar_labels]: Labels are similar (lower/upper case difference only)
    ; warning
    @(198.12 mm, 143.51 mm): Hierarchical Label 'Out_P'
    @(43.18 mm, 162.56 mm): Global Label 'OUT_P'
[similar_labels]: Labels are similar (lower/upper case difference only)
    ; warning
    @(198.12 mm, 143.51 mm): Hierarchical Label 'Out_P'
    @(224.79 mm, 177.80 mm): Global Label 'OUT_P'
[similar_labels]: Labels are similar (lower/upper case difference only)
    ; warning
    @(198.12 mm, 143.51 mm): Hierarchical Label 'Out_P'
    @(224.79 mm, 72.39 mm): Global Label 'OUT_P'
[similar_labels]: Labels are similar (lower/upper case difference only)
    ; warning
    @(198.12 mm, 143.51 mm): Hierarchical Label 'Out_P'
    @(139.70 mm, 213.36 mm): Global Label 'OUT_P'
[similar_labels]: Labels are similar (lower/upper case difference only)
    ; warning
    @(198.12 mm, 143.51 mm): Hierarchical Label 'Out_P'
    @(139.70 mm, 142.24 mm): Global Label 'OUT_P'
[similar_labels]: Labels are similar (lower/upper case difference only)
    ; warning
    @(198.12 mm, 143.51 mm): Hierarchical Label 'Out_P'
    @(224.79 mm, 213.36 mm): Global Label 'OUT_P'
[similar_labels]: Labels are similar (lower/upper case difference only)
    ; warning
    @(198.12 mm, 143.51 mm): Hierarchical Label 'Out_P'
    @(224.79 mm, 247.65 mm): Global Label 'OUT_P'
[similar_labels]: Labels are similar (lower/upper case difference only)
    ; warning
    @(198.12 mm, 143.51 mm): Hierarchical Label 'Out_P'
    @(26.67 mm, 93.98 mm): Global Label 'OUT_P'
[similar_labels]: Labels are similar (lower/upper case difference only)
    ; warning
    @(198.12 mm, 143.51 mm): Hierarchical Label 'Out_P'
    @(224.79 mm, 107.95 mm): Global Label 'OUT_P'
[similar_labels]: Labels are similar (lower/upper case difference only)
    ; warning
    @(198.12 mm, 143.51 mm): Hierarchical Label 'Out_P'
    @(45.72 mm, 64.77 mm): Global Label 'OUT_P'
[similar_labels]: Labels are similar (lower/upper case difference only)
    ; warning
    @(198.12 mm, 143.51 mm): Hierarchical Label 'Out_P'
    @(26.67 mm, 82.55 mm): Global Label 'OUT_P'
[similar_labels]: Labels are similar (lower/upper case difference only)
    ; warning
    @(198.12 mm, 143.51 mm): Hierarchical Label 'Out_P'
    @(139.70 mm, 247.65 mm): Global Label 'OUT_P'

***** Sheet /Relay_group6/
[similar_labels]: Labels are similar (lower/upper case difference only)
    ; warning
    @(38.10 mm, 29.21 mm): Hierarchical Label 'Synchronous_clear'
    @(224.79 mm, 90.17 mm): Global Label 'synchronous_clear'
[similar_labels]: Labels are similar (lower/upper case difference only)
    ; warning
    @(38.10 mm, 29.21 mm): Hierarchical Label 'Synchronous_clear'
    @(139.70 mm, 54.61 mm): Global Label 'synchronous_clear'
[similar_labels]: Labels are similar (lower/upper case difference only)
    ; warning
    @(38.10 mm, 29.21 mm): Hierarchical Label 'Synchronous_clear'
    @(224.79 mm, 195.58 mm): Global Label 'synchronous_clear'
[similar_labels]: Labels are similar (lower/upper case difference only)
    ; warning
    @(38.10 mm, 29.21 mm): Hierarchical Label 'Synchronous_clear'
    @(224.79 mm, 229.87 mm): Global Label 'synchronous_clear'
[similar_labels]: Labels are similar (lower/upper case difference only)
    ; warning
    @(38.10 mm, 29.21 mm): Hierarchical Label 'Synchronous_clear'
    @(88.90 mm, 38.10 mm): Global Label 'synchronous_clear'
[similar_labels]: Labels are similar (lower/upper case difference only)
    ; warning
    @(38.10 mm, 29.21 mm): Hierarchical Label 'Synchronous_clear'
    @(139.70 mm, 160.02 mm): Global Label 'synchronous_clear'
[similar_labels]: Labels are similar (lower/upper case difference only)
    ; warning
    @(38.10 mm, 29.21 mm): Hierarchical Label 'Synchronous_clear'
    @(139.70 mm, 195.58 mm): Global Label 'synchronous_clear'
[similar_labels]: Labels are similar (lower/upper case difference only)
    ; warning
    @(38.10 mm, 29.21 mm): Hierarchical Label 'Synchronous_clear'
    @(224.79 mm, 160.02 mm): Global Label 'synchronous_clear'
[similar_labels]: Labels are similar (lower/upper case difference only)
    ; warning
    @(38.10 mm, 29.21 mm): Hierarchical Label 'Synchronous_clear'
    @(139.70 mm, 124.46 mm): Global Label 'synchronous_clear'
[similar_labels]: Labels are similar (lower/upper case difference only)
    ; warning
    @(38.10 mm, 29.21 mm): Hierarchical Label 'Synchronous_clear'
    @(139.70 mm, 229.87 mm): Global Label 'synchronous_clear'
[similar_labels]: Labels are similar (lower/upper case difference only)
    ; warning
    @(38.10 mm, 29.21 mm): Hierarchical Label 'Synchronous_clear'
    @(139.70 mm, 90.17 mm): Global Label 'synchronous_clear'
[similar_labels]: Labels are similar (lower/upper case difference only)
    ; warning
    @(38.10 mm, 29.21 mm): Hierarchical Label 'Synchronous_clear'
    @(224.79 mm, 124.46 mm): Global Label 'synchronous_clear'
[similar_labels]: Labels are similar (lower/upper case difference only)
    ; warning
    @(38.10 mm, 29.21 mm): Hierarchical Label 'Synchronous_clear'
    @(224.79 mm, 54.61 mm): Global Label 'synchronous_clear'
[similar_labels]: Labels are similar (lower/upper case difference only)
    ; warning
    @(38.10 mm, 29.21 mm): Hierarchical Label 'Synchronous_clear'
    @(80.01 mm, 135.89 mm): Global Label 'synchronous_clear'
[similar_labels]: Labels are similar (lower/upper case difference only)
    ; warning
    @(38.10 mm, 29.21 mm): Hierarchical Label 'Synchronous_clear'
    @(26.67 mm, 38.10 mm): Global Label 'synchronous_clear'
[similar_labels]: Labels are similar (lower/upper case difference only)
    ; warning
    @(72.39 mm, 137.16 mm): Hierarchical Label 'Out_N'
    @(224.79 mm, 250.19 mm): Global Label 'OUT_N'
[similar_labels]: Labels are similar (lower/upper case difference only)
    ; warning
    @(72.39 mm, 137.16 mm): Hierarchical Label 'Out_N'
    @(139.70 mm, 215.90 mm): Global Label 'OUT_N'
[similar_labels]: Labels are similar (lower/upper case difference only)
    ; warning
    @(72.39 mm, 137.16 mm): Hierarchical Label 'Out_N'
    @(224.79 mm, 110.49 mm): Global Label 'OUT_N'
[similar_labels]: Labels are similar (lower/upper case difference only)
    ; warning
    @(72.39 mm, 137.16 mm): Hierarchical Label 'Out_N'
    @(139.70 mm, 144.78 mm): Global Label 'OUT_N'
[similar_labels]: Labels are similar (lower/upper case difference only)
    ; warning
    @(72.39 mm, 137.16 mm): Hierarchical Label 'Out_N'
    @(224.79 mm, 144.78 mm): Global Label 'OUT_N'
[similar_labels]: Labels are similar (lower/upper case difference only)
    ; warning
    @(72.39 mm, 137.16 mm): Hierarchical Label 'Out_N'
    @(26.67 mm, 85.09 mm): Global Label 'OUT_N'
[similar_labels]: Labels are similar (lower/upper case difference only)
    ; warning
    @(72.39 mm, 137.16 mm): Hierarchical Label 'Out_N'
    @(45.72 mm, 69.85 mm): Global Label 'OUT_N'
[similar_labels]: Labels are similar (lower/upper case difference only)
    ; warning
    @(72.39 mm, 137.16 mm): Hierarchical Label 'Out_N'
    @(224.79 mm, 215.90 mm): Global Label 'OUT_N'
[similar_labels]: Labels are similar (lower/upper case difference only)
    ; warning
    @(72.39 mm, 137.16 mm): Hierarchical Label 'Out_N'
    @(139.70 mm, 250.19 mm): Global Label 'OUT_N'
[similar_labels]: Labels are similar (lower/upper case difference only)
    ; warning
    @(72.39 mm, 137.16 mm): Hierarchical Label 'Out_N'
    @(139.70 mm, 180.34 mm): Global Label 'OUT_N'
[similar_labels]: Labels are similar (lower/upper case difference only)
    ; warning
    @(72.39 mm, 137.16 mm): Hierarchical Label 'Out_N'
    @(224.79 mm, 180.34 mm): Global Label 'OUT_N'
[similar_labels]: Labels are similar (lower/upper case difference only)
    ; warning
    @(72.39 mm, 137.16 mm): Hierarchical Label 'Out_N'
    @(26.67 mm, 96.52 mm): Global Label 'OUT_N'
[similar_labels]: Labels are similar (lower/upper case difference only)
    ; warning
    @(72.39 mm, 137.16 mm): Hierarchical Label 'Out_N'
    @(139.70 mm, 74.93 mm): Global Label 'OUT_N'
[similar_labels]: Labels are similar (lower/upper case difference only)
    ; warning
    @(72.39 mm, 137.16 mm): Hierarchical Label 'Out_N'
    @(224.79 mm, 74.93 mm): Global Label 'OUT_N'
[similar_labels]: Labels are similar (lower/upper case difference only)
    ; warning
    @(72.39 mm, 137.16 mm): Hierarchical Label 'Out_N'
    @(43.18 mm, 167.64 mm): Global Label 'OUT_N'
[similar_labels]: Labels are similar (lower/upper case difference only)
    ; warning
    @(72.39 mm, 137.16 mm): Hierarchical Label 'Out_N'
    @(139.70 mm, 110.49 mm): Global Label 'OUT_N'
[similar_labels]: Labels are similar (lower/upper case difference only)
    ; warning
    @(72.39 mm, 142.24 mm): Hierarchical Label 'Out_P'
    @(139.70 mm, 72.39 mm): Global Label 'OUT_P'
[similar_labels]: Labels are similar (lower/upper case difference only)
    ; warning
    @(72.39 mm, 142.24 mm): Hierarchical Label 'Out_P'
    @(224.79 mm, 142.24 mm): Global Label 'OUT_P'
[similar_labels]: Labels are similar (lower/upper case difference only)
    ; warning
    @(72.39 mm, 142.24 mm): Hierarchical Label 'Out_P'
    @(139.70 mm, 177.80 mm): Global Label 'OUT_P'
[similar_labels]: Labels are similar (lower/upper case difference only)
    ; warning
    @(72.39 mm, 142.24 mm): Hierarchical Label 'Out_P'
    @(139.70 mm, 107.95 mm): Global Label 'OUT_P'
[similar_labels]: Labels are similar (lower/upper case difference only)
    ; warning
    @(72.39 mm, 142.24 mm): Hierarchical Label 'Out_P'
    @(43.18 mm, 162.56 mm): Global Label 'OUT_P'
[similar_labels]: Labels are similar (lower/upper case difference only)
    ; warning
    @(72.39 mm, 142.24 mm): Hierarchical Label 'Out_P'
    @(224.79 mm, 177.80 mm): Global Label 'OUT_P'
[similar_labels]: Labels are similar (lower/upper case difference only)
    ; warning
    @(72.39 mm, 142.24 mm): Hierarchical Label 'Out_P'
    @(224.79 mm, 72.39 mm): Global Label 'OUT_P'
[similar_labels]: Labels are similar (lower/upper case difference only)
    ; warning
    @(72.39 mm, 142.24 mm): Hierarchical Label 'Out_P'
    @(139.70 mm, 213.36 mm): Global Label 'OUT_P'
[similar_labels]: Labels are similar (lower/upper case difference only)
    ; warning
    @(72.39 mm, 142.24 mm): Hierarchical Label 'Out_P'
    @(139.70 mm, 142.24 mm): Global Label 'OUT_P'
[similar_labels]: Labels are similar (lower/upper case difference only)
    ; warning
    @(72.39 mm, 142.24 mm): Hierarchical Label 'Out_P'
    @(224.79 mm, 213.36 mm): Global Label 'OUT_P'
[similar_labels]: Labels are similar (lower/upper case difference only)
    ; warning
    @(72.39 mm, 142.24 mm): Hierarchical Label 'Out_P'
    @(224.79 mm, 247.65 mm): Global Label 'OUT_P'
[similar_labels]: Labels are similar (lower/upper case difference only)
    ; warning
    @(72.39 mm, 142.24 mm): Hierarchical Label 'Out_P'
    @(26.67 mm, 93.98 mm): Global Label 'OUT_P'
[similar_labels]: Labels are similar (lower/upper case difference only)
    ; warning
    @(72.39 mm, 142.24 mm): Hierarchical Label 'Out_P'
    @(224.79 mm, 107.95 mm): Global Label 'OUT_P'
[similar_labels]: Labels are similar (lower/upper case difference only)
    ; warning
    @(72.39 mm, 142.24 mm): Hierarchical Label 'Out_P'
    @(45.72 mm, 64.77 mm): Global Label 'OUT_P'
[similar_labels]: Labels are similar (lower/upper case difference only)
    ; warning
    @(72.39 mm, 142.24 mm): Hierarchical Label 'Out_P'
    @(26.67 mm, 82.55 mm): Global Label 'OUT_P'
[similar_labels]: Labels are similar (lower/upper case difference only)
    ; warning
    @(72.39 mm, 142.24 mm): Hierarchical Label 'Out_P'
    @(139.70 mm, 247.65 mm): Global Label 'OUT_P'
[similar_labels]: Labels are similar (lower/upper case difference only)
    ; warning
    @(198.12 mm, 138.43 mm): Hierarchical Label 'Out_N'
    @(224.79 mm, 250.19 mm): Global Label 'OUT_N'
[similar_labels]: Labels are similar (lower/upper case difference only)
    ; warning
    @(198.12 mm, 138.43 mm): Hierarchical Label 'Out_N'
    @(139.70 mm, 215.90 mm): Global Label 'OUT_N'
[similar_labels]: Labels are similar (lower/upper case difference only)
    ; warning
    @(198.12 mm, 138.43 mm): Hierarchical Label 'Out_N'
    @(224.79 mm, 110.49 mm): Global Label 'OUT_N'
[similar_labels]: Labels are similar (lower/upper case difference only)
    ; warning
    @(198.12 mm, 138.43 mm): Hierarchical Label 'Out_N'
    @(139.70 mm, 144.78 mm): Global Label 'OUT_N'
[similar_labels]: Labels are similar (lower/upper case difference only)
    ; warning
    @(198.12 mm, 138.43 mm): Hierarchical Label 'Out_N'
    @(224.79 mm, 144.78 mm): Global Label 'OUT_N'
[similar_labels]: Labels are similar (lower/upper case difference only)
    ; warning
    @(198.12 mm, 138.43 mm): Hierarchical Label 'Out_N'
    @(26.67 mm, 85.09 mm): Global Label 'OUT_N'
[similar_labels]: Labels are similar (lower/upper case difference only)
    ; warning
    @(198.12 mm, 138.43 mm): Hierarchical Label 'Out_N'
    @(45.72 mm, 69.85 mm): Global Label 'OUT_N'
[similar_labels]: Labels are similar (lower/upper case difference only)
    ; warning
    @(198.12 mm, 138.43 mm): Hierarchical Label 'Out_N'
    @(224.79 mm, 215.90 mm): Global Label 'OUT_N'
[similar_labels]: Labels are similar (lower/upper case difference only)
    ; warning
    @(198.12 mm, 138.43 mm): Hierarchical Label 'Out_N'
    @(139.70 mm, 250.19 mm): Global Label 'OUT_N'
[similar_labels]: Labels are similar (lower/upper case difference only)
    ; warning
    @(198.12 mm, 138.43 mm): Hierarchical Label 'Out_N'
    @(139.70 mm, 180.34 mm): Global Label 'OUT_N'
[similar_labels]: Labels are similar (lower/upper case difference only)
    ; warning
    @(198.12 mm, 138.43 mm): Hierarchical Label 'Out_N'
    @(224.79 mm, 180.34 mm): Global Label 'OUT_N'
[similar_labels]: Labels are similar (lower/upper case difference only)
    ; warning
    @(198.12 mm, 138.43 mm): Hierarchical Label 'Out_N'
    @(26.67 mm, 96.52 mm): Global Label 'OUT_N'
[similar_labels]: Labels are similar (lower/upper case difference only)
    ; warning
    @(198.12 mm, 138.43 mm): Hierarchical Label 'Out_N'
    @(139.70 mm, 74.93 mm): Global Label 'OUT_N'
[similar_labels]: Labels are similar (lower/upper case difference only)
    ; warning
    @(198.12 mm, 138.43 mm): Hierarchical Label 'Out_N'
    @(224.79 mm, 74.93 mm): Global Label 'OUT_N'
[similar_labels]: Labels are similar (lower/upper case difference only)
    ; warning
    @(198.12 mm, 138.43 mm): Hierarchical Label 'Out_N'
    @(43.18 mm, 167.64 mm): Global Label 'OUT_N'
[similar_labels]: Labels are similar (lower/upper case difference only)
    ; warning
    @(198.12 mm, 138.43 mm): Hierarchical Label 'Out_N'
    @(139.70 mm, 110.49 mm): Global Label 'OUT_N'
[similar_labels]: Labels are similar (lower/upper case difference only)
    ; warning
    @(198.12 mm, 143.51 mm): Hierarchical Label 'Out_P'
    @(139.70 mm, 72.39 mm): Global Label 'OUT_P'
[similar_labels]: Labels are similar (lower/upper case difference only)
    ; warning
    @(198.12 mm, 143.51 mm): Hierarchical Label 'Out_P'
    @(224.79 mm, 142.24 mm): Global Label 'OUT_P'
[similar_labels]: Labels are similar (lower/upper case difference only)
    ; warning
    @(198.12 mm, 143.51 mm): Hierarchical Label 'Out_P'
    @(139.70 mm, 177.80 mm): Global Label 'OUT_P'
[similar_labels]: Labels are similar (lower/upper case difference only)
    ; warning
    @(198.12 mm, 143.51 mm): Hierarchical Label 'Out_P'
    @(139.70 mm, 107.95 mm): Global Label 'OUT_P'
[similar_labels]: Labels are similar (lower/upper case difference only)
    ; warning
    @(198.12 mm, 143.51 mm): Hierarchical Label 'Out_P'
    @(43.18 mm, 162.56 mm): Global Label 'OUT_P'
[similar_labels]: Labels are similar (lower/upper case difference only)
    ; warning
    @(198.12 mm, 143.51 mm): Hierarchical Label 'Out_P'
    @(224.79 mm, 177.80 mm): Global Label 'OUT_P'
[similar_labels]: Labels are similar (lower/upper case difference only)
    ; warning
    @(198.12 mm, 143.51 mm): Hierarchical Label 'Out_P'
    @(224.79 mm, 72.39 mm): Global Label 'OUT_P'
[similar_labels]: Labels are similar (lower/upper case difference only)
    ; warning
    @(198.12 mm, 143.51 mm): Hierarchical Label 'Out_P'
    @(139.70 mm, 213.36 mm): Global Label 'OUT_P'
[similar_labels]: Labels are similar (lower/upper case difference only)
    ; warning
    @(198.12 mm, 143.51 mm): Hierarchical Label 'Out_P'
    @(139.70 mm, 142.24 mm): Global Label 'OUT_P'
[similar_labels]: Labels are similar (lower/upper case difference only)
    ; warning
    @(198.12 mm, 143.51 mm): Hierarchical Label 'Out_P'
    @(224.79 mm, 213.36 mm): Global Label 'OUT_P'
[similar_labels]: Labels are similar (lower/upper case difference only)
    ; warning
    @(198.12 mm, 143.51 mm): Hierarchical Label 'Out_P'
    @(224.79 mm, 247.65 mm): Global Label 'OUT_P'
[similar_labels]: Labels are similar (lower/upper case difference only)
    ; warning
    @(198.12 mm, 143.51 mm): Hierarchical Label 'Out_P'
    @(26.67 mm, 93.98 mm): Global Label 'OUT_P'
[similar_labels]: Labels are similar (lower/upper case difference only)
    ; warning
    @(198.12 mm, 143.51 mm): Hierarchical Label 'Out_P'
    @(224.79 mm, 107.95 mm): Global Label 'OUT_P'
[similar_labels]: Labels are similar (lower/upper case difference only)
    ; warning
    @(198.12 mm, 143.51 mm): Hierarchical Label 'Out_P'
    @(45.72 mm, 64.77 mm): Global Label 'OUT_P'
[similar_labels]: Labels are similar (lower/upper case difference only)
    ; warning
    @(198.12 mm, 143.51 mm): Hierarchical Label 'Out_P'
    @(26.67 mm, 82.55 mm): Global Label 'OUT_P'
[similar_labels]: Labels are similar (lower/upper case difference only)
    ; warning
    @(198.12 mm, 143.51 mm): Hierarchical Label 'Out_P'
    @(139.70 mm, 247.65 mm): Global Label 'OUT_P'

***** Sheet /Relay_group7/
[similar_labels]: Labels are similar (lower/upper case difference only)
    ; warning
    @(38.10 mm, 29.21 mm): Hierarchical Label 'Synchronous_clear'
    @(224.79 mm, 90.17 mm): Global Label 'synchronous_clear'
[similar_labels]: Labels are similar (lower/upper case difference only)
    ; warning
    @(38.10 mm, 29.21 mm): Hierarchical Label 'Synchronous_clear'
    @(139.70 mm, 54.61 mm): Global Label 'synchronous_clear'
[similar_labels]: Labels are similar (lower/upper case difference only)
    ; warning
    @(38.10 mm, 29.21 mm): Hierarchical Label 'Synchronous_clear'
    @(224.79 mm, 195.58 mm): Global Label 'synchronous_clear'
[similar_labels]: Labels are similar (lower/upper case difference only)
    ; warning
    @(38.10 mm, 29.21 mm): Hierarchical Label 'Synchronous_clear'
    @(224.79 mm, 229.87 mm): Global Label 'synchronous_clear'
[similar_labels]: Labels are similar (lower/upper case difference only)
    ; warning
    @(38.10 mm, 29.21 mm): Hierarchical Label 'Synchronous_clear'
    @(88.90 mm, 38.10 mm): Global Label 'synchronous_clear'
[similar_labels]: Labels are similar (lower/upper case difference only)
    ; warning
    @(38.10 mm, 29.21 mm): Hierarchical Label 'Synchronous_clear'
    @(139.70 mm, 160.02 mm): Global Label 'synchronous_clear'
[similar_labels]: Labels are similar (lower/upper case difference only)
    ; warning
    @(38.10 mm, 29.21 mm): Hierarchical Label 'Synchronous_clear'
    @(139.70 mm, 195.58 mm): Global Label 'synchronous_clear'
[similar_labels]: Labels are similar (lower/upper case difference only)
    ; warning
    @(38.10 mm, 29.21 mm): Hierarchical Label 'Synchronous_clear'
    @(224.79 mm, 160.02 mm): Global Label 'synchronous_clear'
[similar_labels]: Labels are similar (lower/upper case difference only)
    ; warning
    @(38.10 mm, 29.21 mm): Hierarchical Label 'Synchronous_clear'
    @(139.70 mm, 124.46 mm): Global Label 'synchronous_clear'
[similar_labels]: Labels are similar (lower/upper case difference only)
    ; warning
    @(38.10 mm, 29.21 mm): Hierarchical Label 'Synchronous_clear'
    @(139.70 mm, 229.87 mm): Global Label 'synchronous_clear'
[similar_labels]: Labels are similar (lower/upper case difference only)
    ; warning
    @(38.10 mm, 29.21 mm): Hierarchical Label 'Synchronous_clear'
    @(139.70 mm, 90.17 mm): Global Label 'synchronous_clear'
[similar_labels]: Labels are similar (lower/upper case difference only)
    ; warning
    @(38.10 mm, 29.21 mm): Hierarchical Label 'Synchronous_clear'
    @(224.79 mm, 124.46 mm): Global Label 'synchronous_clear'
[similar_labels]: Labels are similar (lower/upper case difference only)
    ; warning
    @(38.10 mm, 29.21 mm): Hierarchical Label 'Synchronous_clear'
    @(224.79 mm, 54.61 mm): Global Label 'synchronous_clear'
[similar_labels]: Labels are similar (lower/upper case difference only)
    ; warning
    @(38.10 mm, 29.21 mm): Hierarchical Label 'Synchronous_clear'
    @(80.01 mm, 135.89 mm): Global Label 'synchronous_clear'
[similar_labels]: Labels are similar (lower/upper case difference only)
    ; warning
    @(38.10 mm, 29.21 mm): Hierarchical Label 'Synchronous_clear'
    @(26.67 mm, 38.10 mm): Global Label 'synchronous_clear'
[similar_labels]: Labels are similar (lower/upper case difference only)
    ; warning
    @(72.39 mm, 137.16 mm): Hierarchical Label 'Out_N'
    @(224.79 mm, 250.19 mm): Global Label 'OUT_N'
[similar_labels]: Labels are similar (lower/upper case difference only)
    ; warning
    @(72.39 mm, 137.16 mm): Hierarchical Label 'Out_N'
    @(139.70 mm, 215.90 mm): Global Label 'OUT_N'
[similar_labels]: Labels are similar (lower/upper case difference only)
    ; warning
    @(72.39 mm, 137.16 mm): Hierarchical Label 'Out_N'
    @(224.79 mm, 110.49 mm): Global Label 'OUT_N'
[similar_labels]: Labels are similar (lower/upper case difference only)
    ; warning
    @(72.39 mm, 137.16 mm): Hierarchical Label 'Out_N'
    @(139.70 mm, 144.78 mm): Global Label 'OUT_N'
[similar_labels]: Labels are similar (lower/upper case difference only)
    ; warning
    @(72.39 mm, 137.16 mm): Hierarchical Label 'Out_N'
    @(224.79 mm, 144.78 mm): Global Label 'OUT_N'
[similar_labels]: Labels are similar (lower/upper case difference only)
    ; warning
    @(72.39 mm, 137.16 mm): Hierarchical Label 'Out_N'
    @(26.67 mm, 85.09 mm): Global Label 'OUT_N'
[similar_labels]: Labels are similar (lower/upper case difference only)
    ; warning
    @(72.39 mm, 137.16 mm): Hierarchical Label 'Out_N'
    @(45.72 mm, 69.85 mm): Global Label 'OUT_N'
[similar_labels]: Labels are similar (lower/upper case difference only)
    ; warning
    @(72.39 mm, 137.16 mm): Hierarchical Label 'Out_N'
    @(224.79 mm, 215.90 mm): Global Label 'OUT_N'
[similar_labels]: Labels are similar (lower/upper case difference only)
    ; warning
    @(72.39 mm, 137.16 mm): Hierarchical Label 'Out_N'
    @(139.70 mm, 250.19 mm): Global Label 'OUT_N'
[similar_labels]: Labels are similar (lower/upper case difference only)
    ; warning
    @(72.39 mm, 137.16 mm): Hierarchical Label 'Out_N'
    @(139.70 mm, 180.34 mm): Global Label 'OUT_N'
[similar_labels]: Labels are similar (lower/upper case difference only)
    ; warning
    @(72.39 mm, 137.16 mm): Hierarchical Label 'Out_N'
    @(224.79 mm, 180.34 mm): Global Label 'OUT_N'
[similar_labels]: Labels are similar (lower/upper case difference only)
    ; warning
    @(72.39 mm, 137.16 mm): Hierarchical Label 'Out_N'
    @(26.67 mm, 96.52 mm): Global Label 'OUT_N'
[similar_labels]: Labels are similar (lower/upper case difference only)
    ; warning
    @(72.39 mm, 137.16 mm): Hierarchical Label 'Out_N'
    @(139.70 mm, 74.93 mm): Global Label 'OUT_N'
[similar_labels]: Labels are similar (lower/upper case difference only)
    ; warning
    @(72.39 mm, 137.16 mm): Hierarchical Label 'Out_N'
    @(224.79 mm, 74.93 mm): Global Label 'OUT_N'
[similar_labels]: Labels are similar (lower/upper case difference only)
    ; warning
    @(72.39 mm, 137.16 mm): Hierarchical Label 'Out_N'
    @(43.18 mm, 167.64 mm): Global Label 'OUT_N'
[similar_labels]: Labels are similar (lower/upper case difference only)
    ; warning
    @(72.39 mm, 137.16 mm): Hierarchical Label 'Out_N'
    @(139.70 mm, 110.49 mm): Global Label 'OUT_N'
[similar_labels]: Labels are similar (lower/upper case difference only)
    ; warning
    @(72.39 mm, 142.24 mm): Hierarchical Label 'Out_P'
    @(139.70 mm, 72.39 mm): Global Label 'OUT_P'
[similar_labels]: Labels are similar (lower/upper case difference only)
    ; warning
    @(72.39 mm, 142.24 mm): Hierarchical Label 'Out_P'
    @(224.79 mm, 142.24 mm): Global Label 'OUT_P'
[similar_labels]: Labels are similar (lower/upper case difference only)
    ; warning
    @(72.39 mm, 142.24 mm): Hierarchical Label 'Out_P'
    @(139.70 mm, 177.80 mm): Global Label 'OUT_P'
[similar_labels]: Labels are similar (lower/upper case difference only)
    ; warning
    @(72.39 mm, 142.24 mm): Hierarchical Label 'Out_P'
    @(139.70 mm, 107.95 mm): Global Label 'OUT_P'
[similar_labels]: Labels are similar (lower/upper case difference only)
    ; warning
    @(72.39 mm, 142.24 mm): Hierarchical Label 'Out_P'
    @(43.18 mm, 162.56 mm): Global Label 'OUT_P'
[similar_labels]: Labels are similar (lower/upper case difference only)
    ; warning
    @(72.39 mm, 142.24 mm): Hierarchical Label 'Out_P'
    @(224.79 mm, 177.80 mm): Global Label 'OUT_P'
[similar_labels]: Labels are similar (lower/upper case difference only)
    ; warning
    @(72.39 mm, 142.24 mm): Hierarchical Label 'Out_P'
    @(224.79 mm, 72.39 mm): Global Label 'OUT_P'
[similar_labels]: Labels are similar (lower/upper case difference only)
    ; warning
    @(72.39 mm, 142.24 mm): Hierarchical Label 'Out_P'
    @(139.70 mm, 213.36 mm): Global Label 'OUT_P'
[similar_labels]: Labels are similar (lower/upper case difference only)
    ; warning
    @(72.39 mm, 142.24 mm): Hierarchical Label 'Out_P'
    @(139.70 mm, 142.24 mm): Global Label 'OUT_P'
[similar_labels]: Labels are similar (lower/upper case difference only)
    ; warning
    @(72.39 mm, 142.24 mm): Hierarchical Label 'Out_P'
    @(224.79 mm, 213.36 mm): Global Label 'OUT_P'
[similar_labels]: Labels are similar (lower/upper case difference only)
    ; warning
    @(72.39 mm, 142.24 mm): Hierarchical Label 'Out_P'
    @(224.79 mm, 247.65 mm): Global Label 'OUT_P'
[similar_labels]: Labels are similar (lower/upper case difference only)
    ; warning
    @(72.39 mm, 142.24 mm): Hierarchical Label 'Out_P'
    @(26.67 mm, 93.98 mm): Global Label 'OUT_P'
[similar_labels]: Labels are similar (lower/upper case difference only)
    ; warning
    @(72.39 mm, 142.24 mm): Hierarchical Label 'Out_P'
    @(224.79 mm, 107.95 mm): Global Label 'OUT_P'
[similar_labels]: Labels are similar (lower/upper case difference only)
    ; warning
    @(72.39 mm, 142.24 mm): Hierarchical Label 'Out_P'
    @(45.72 mm, 64.77 mm): Global Label 'OUT_P'
[similar_labels]: Labels are similar (lower/upper case difference only)
    ; warning
    @(72.39 mm, 142.24 mm): Hierarchical Label 'Out_P'
    @(26.67 mm, 82.55 mm): Global Label 'OUT_P'
[similar_labels]: Labels are similar (lower/upper case difference only)
    ; warning
    @(72.39 mm, 142.24 mm): Hierarchical Label 'Out_P'
    @(139.70 mm, 247.65 mm): Global Label 'OUT_P'
[similar_labels]: Labels are similar (lower/upper case difference only)
    ; warning
    @(198.12 mm, 138.43 mm): Hierarchical Label 'Out_N'
    @(224.79 mm, 250.19 mm): Global Label 'OUT_N'
[similar_labels]: Labels are similar (lower/upper case difference only)
    ; warning
    @(198.12 mm, 138.43 mm): Hierarchical Label 'Out_N'
    @(139.70 mm, 215.90 mm): Global Label 'OUT_N'
[similar_labels]: Labels are similar (lower/upper case difference only)
    ; warning
    @(198.12 mm, 138.43 mm): Hierarchical Label 'Out_N'
    @(224.79 mm, 110.49 mm): Global Label 'OUT_N'
[similar_labels]: Labels are similar (lower/upper case difference only)
    ; warning
    @(198.12 mm, 138.43 mm): Hierarchical Label 'Out_N'
    @(139.70 mm, 144.78 mm): Global Label 'OUT_N'
[similar_labels]: Labels are similar (lower/upper case difference only)
    ; warning
    @(198.12 mm, 138.43 mm): Hierarchical Label 'Out_N'
    @(224.79 mm, 144.78 mm): Global Label 'OUT_N'
[similar_labels]: Labels are similar (lower/upper case difference only)
    ; warning
    @(198.12 mm, 138.43 mm): Hierarchical Label 'Out_N'
    @(26.67 mm, 85.09 mm): Global Label 'OUT_N'
[similar_labels]: Labels are similar (lower/upper case difference only)
    ; warning
    @(198.12 mm, 138.43 mm): Hierarchical Label 'Out_N'
    @(45.72 mm, 69.85 mm): Global Label 'OUT_N'
[similar_labels]: Labels are similar (lower/upper case difference only)
    ; warning
    @(198.12 mm, 138.43 mm): Hierarchical Label 'Out_N'
    @(224.79 mm, 215.90 mm): Global Label 'OUT_N'
[similar_labels]: Labels are similar (lower/upper case difference only)
    ; warning
    @(198.12 mm, 138.43 mm): Hierarchical Label 'Out_N'
    @(139.70 mm, 250.19 mm): Global Label 'OUT_N'
[similar_labels]: Labels are similar (lower/upper case difference only)
    ; warning
    @(198.12 mm, 138.43 mm): Hierarchical Label 'Out_N'
    @(139.70 mm, 180.34 mm): Global Label 'OUT_N'
[similar_labels]: Labels are similar (lower/upper case difference only)
    ; warning
    @(198.12 mm, 138.43 mm): Hierarchical Label 'Out_N'
    @(224.79 mm, 180.34 mm): Global Label 'OUT_N'
[similar_labels]: Labels are similar (lower/upper case difference only)
    ; warning
    @(198.12 mm, 138.43 mm): Hierarchical Label 'Out_N'
    @(26.67 mm, 96.52 mm): Global Label 'OUT_N'
[similar_labels]: Labels are similar (lower/upper case difference only)
    ; warning
    @(198.12 mm, 138.43 mm): Hierarchical Label 'Out_N'
    @(139.70 mm, 74.93 mm): Global Label 'OUT_N'
[similar_labels]: Labels are similar (lower/upper case difference only)
    ; warning
    @(198.12 mm, 138.43 mm): Hierarchical Label 'Out_N'
    @(224.79 mm, 74.93 mm): Global Label 'OUT_N'
[similar_labels]: Labels are similar (lower/upper case difference only)
    ; warning
    @(198.12 mm, 138.43 mm): Hierarchical Label 'Out_N'
    @(43.18 mm, 167.64 mm): Global Label 'OUT_N'
[similar_labels]: Labels are similar (lower/upper case difference only)
    ; warning
    @(198.12 mm, 138.43 mm): Hierarchical Label 'Out_N'
    @(139.70 mm, 110.49 mm): Global Label 'OUT_N'
[similar_labels]: Labels are similar (lower/upper case difference only)
    ; warning
    @(198.12 mm, 143.51 mm): Hierarchical Label 'Out_P'
    @(139.70 mm, 72.39 mm): Global Label 'OUT_P'
[similar_labels]: Labels are similar (lower/upper case difference only)
    ; warning
    @(198.12 mm, 143.51 mm): Hierarchical Label 'Out_P'
    @(224.79 mm, 142.24 mm): Global Label 'OUT_P'
[similar_labels]: Labels are similar (lower/upper case difference only)
    ; warning
    @(198.12 mm, 143.51 mm): Hierarchical Label 'Out_P'
    @(139.70 mm, 177.80 mm): Global Label 'OUT_P'
[similar_labels]: Labels are similar (lower/upper case difference only)
    ; warning
    @(198.12 mm, 143.51 mm): Hierarchical Label 'Out_P'
    @(139.70 mm, 107.95 mm): Global Label 'OUT_P'
[similar_labels]: Labels are similar (lower/upper case difference only)
    ; warning
    @(198.12 mm, 143.51 mm): Hierarchical Label 'Out_P'
    @(43.18 mm, 162.56 mm): Global Label 'OUT_P'
[similar_labels]: Labels are similar (lower/upper case difference only)
    ; warning
    @(198.12 mm, 143.51 mm): Hierarchical Label 'Out_P'
    @(224.79 mm, 177.80 mm): Global Label 'OUT_P'
[similar_labels]: Labels are similar (lower/upper case difference only)
    ; warning
    @(198.12 mm, 143.51 mm): Hierarchical Label 'Out_P'
    @(224.79 mm, 72.39 mm): Global Label 'OUT_P'
[similar_labels]: Labels are similar (lower/upper case difference only)
    ; warning
    @(198.12 mm, 143.51 mm): Hierarchical Label 'Out_P'
    @(139.70 mm, 213.36 mm): Global Label 'OUT_P'
[similar_labels]: Labels are similar (lower/upper case difference only)
    ; warning
    @(198.12 mm, 143.51 mm): Hierarchical Label 'Out_P'
    @(139.70 mm, 142.24 mm): Global Label 'OUT_P'
[similar_labels]: Labels are similar (lower/upper case difference only)
    ; warning
    @(198.12 mm, 143.51 mm): Hierarchical Label 'Out_P'
    @(224.79 mm, 213.36 mm): Global Label 'OUT_P'
[similar_labels]: Labels are similar (lower/upper case difference only)
    ; warning
    @(198.12 mm, 143.51 mm): Hierarchical Label 'Out_P'
    @(224.79 mm, 247.65 mm): Global Label 'OUT_P'
[similar_labels]: Labels are similar (lower/upper case difference only)
    ; warning
    @(198.12 mm, 143.51 mm): Hierarchical Label 'Out_P'
    @(26.67 mm, 93.98 mm): Global Label 'OUT_P'
[similar_labels]: Labels are similar (lower/upper case difference only)
    ; warning
    @(198.12 mm, 143.51 mm): Hierarchical Label 'Out_P'
    @(224.79 mm, 107.95 mm): Global Label 'OUT_P'
[similar_labels]: Labels are similar (lower/upper case difference only)
    ; warning
    @(198.12 mm, 143.51 mm): Hierarchical Label 'Out_P'
    @(45.72 mm, 64.77 mm): Global Label 'OUT_P'
[similar_labels]: Labels are similar (lower/upper case difference only)
    ; warning
    @(198.12 mm, 143.51 mm): Hierarchical Label 'Out_P'
    @(26.67 mm, 82.55 mm): Global Label 'OUT_P'
[similar_labels]: Labels are similar (lower/upper case difference only)
    ; warning
    @(198.12 mm, 143.51 mm): Hierarchical Label 'Out_P'
    @(139.70 mm, 247.65 mm): Global Label 'OUT_P'

***** Sheet /Relay_group8/
[similar_labels]: Labels are similar (lower/upper case difference only)
    ; warning
    @(38.10 mm, 29.21 mm): Hierarchical Label 'Synchronous_clear'
    @(224.79 mm, 90.17 mm): Global Label 'synchronous_clear'
[similar_labels]: Labels are similar (lower/upper case difference only)
    ; warning
    @(38.10 mm, 29.21 mm): Hierarchical Label 'Synchronous_clear'
    @(139.70 mm, 54.61 mm): Global Label 'synchronous_clear'
[similar_labels]: Labels are similar (lower/upper case difference only)
    ; warning
    @(38.10 mm, 29.21 mm): Hierarchical Label 'Synchronous_clear'
    @(224.79 mm, 195.58 mm): Global Label 'synchronous_clear'
[similar_labels]: Labels are similar (lower/upper case difference only)
    ; warning
    @(38.10 mm, 29.21 mm): Hierarchical Label 'Synchronous_clear'
    @(224.79 mm, 229.87 mm): Global Label 'synchronous_clear'
[similar_labels]: Labels are similar (lower/upper case difference only)
    ; warning
    @(38.10 mm, 29.21 mm): Hierarchical Label 'Synchronous_clear'
    @(88.90 mm, 38.10 mm): Global Label 'synchronous_clear'
[similar_labels]: Labels are similar (lower/upper case difference only)
    ; warning
    @(38.10 mm, 29.21 mm): Hierarchical Label 'Synchronous_clear'
    @(139.70 mm, 160.02 mm): Global Label 'synchronous_clear'
[similar_labels]: Labels are similar (lower/upper case difference only)
    ; warning
    @(38.10 mm, 29.21 mm): Hierarchical Label 'Synchronous_clear'
    @(139.70 mm, 195.58 mm): Global Label 'synchronous_clear'
[similar_labels]: Labels are similar (lower/upper case difference only)
    ; warning
    @(38.10 mm, 29.21 mm): Hierarchical Label 'Synchronous_clear'
    @(224.79 mm, 160.02 mm): Global Label 'synchronous_clear'
[similar_labels]: Labels are similar (lower/upper case difference only)
    ; warning
    @(38.10 mm, 29.21 mm): Hierarchical Label 'Synchronous_clear'
    @(139.70 mm, 124.46 mm): Global Label 'synchronous_clear'
[similar_labels]: Labels are similar (lower/upper case difference only)
    ; warning
    @(38.10 mm, 29.21 mm): Hierarchical Label 'Synchronous_clear'
    @(139.70 mm, 229.87 mm): Global Label 'synchronous_clear'
[similar_labels]: Labels are similar (lower/upper case difference only)
    ; warning
    @(38.10 mm, 29.21 mm): Hierarchical Label 'Synchronous_clear'
    @(139.70 mm, 90.17 mm): Global Label 'synchronous_clear'
[similar_labels]: Labels are similar (lower/upper case difference only)
    ; warning
    @(38.10 mm, 29.21 mm): Hierarchical Label 'Synchronous_clear'
    @(224.79 mm, 124.46 mm): Global Label 'synchronous_clear'
[similar_labels]: Labels are similar (lower/upper case difference only)
    ; warning
    @(38.10 mm, 29.21 mm): Hierarchical Label 'Synchronous_clear'
    @(224.79 mm, 54.61 mm): Global Label 'synchronous_clear'
[similar_labels]: Labels are similar (lower/upper case difference only)
    ; warning
    @(38.10 mm, 29.21 mm): Hierarchical Label 'Synchronous_clear'
    @(80.01 mm, 135.89 mm): Global Label 'synchronous_clear'
[similar_labels]: Labels are similar (lower/upper case difference only)
    ; warning
    @(38.10 mm, 29.21 mm): Hierarchical Label 'Synchronous_clear'
    @(26.67 mm, 38.10 mm): Global Label 'synchronous_clear'
[similar_labels]: Labels are similar (lower/upper case difference only)
    ; warning
    @(72.39 mm, 137.16 mm): Hierarchical Label 'Out_N'
    @(224.79 mm, 250.19 mm): Global Label 'OUT_N'
[similar_labels]: Labels are similar (lower/upper case difference only)
    ; warning
    @(72.39 mm, 137.16 mm): Hierarchical Label 'Out_N'
    @(139.70 mm, 215.90 mm): Global Label 'OUT_N'
[similar_labels]: Labels are similar (lower/upper case difference only)
    ; warning
    @(72.39 mm, 137.16 mm): Hierarchical Label 'Out_N'
    @(224.79 mm, 110.49 mm): Global Label 'OUT_N'
[similar_labels]: Labels are similar (lower/upper case difference only)
    ; warning
    @(72.39 mm, 137.16 mm): Hierarchical Label 'Out_N'
    @(139.70 mm, 144.78 mm): Global Label 'OUT_N'
[similar_labels]: Labels are similar (lower/upper case difference only)
    ; warning
    @(72.39 mm, 137.16 mm): Hierarchical Label 'Out_N'
    @(224.79 mm, 144.78 mm): Global Label 'OUT_N'
[similar_labels]: Labels are similar (lower/upper case difference only)
    ; warning
    @(72.39 mm, 137.16 mm): Hierarchical Label 'Out_N'
    @(26.67 mm, 85.09 mm): Global Label 'OUT_N'
[similar_labels]: Labels are similar (lower/upper case difference only)
    ; warning
    @(72.39 mm, 137.16 mm): Hierarchical Label 'Out_N'
    @(45.72 mm, 69.85 mm): Global Label 'OUT_N'
[similar_labels]: Labels are similar (lower/upper case difference only)
    ; warning
    @(72.39 mm, 137.16 mm): Hierarchical Label 'Out_N'
    @(224.79 mm, 215.90 mm): Global Label 'OUT_N'
[similar_labels]: Labels are similar (lower/upper case difference only)
    ; warning
    @(72.39 mm, 137.16 mm): Hierarchical Label 'Out_N'
    @(139.70 mm, 250.19 mm): Global Label 'OUT_N'
[similar_labels]: Labels are similar (lower/upper case difference only)
    ; warning
    @(72.39 mm, 137.16 mm): Hierarchical Label 'Out_N'
    @(139.70 mm, 180.34 mm): Global Label 'OUT_N'
[similar_labels]: Labels are similar (lower/upper case difference only)
    ; warning
    @(72.39 mm, 137.16 mm): Hierarchical Label 'Out_N'
    @(224.79 mm, 180.34 mm): Global Label 'OUT_N'
[similar_labels]: Labels are similar (lower/upper case difference only)
    ; warning
    @(72.39 mm, 137.16 mm): Hierarchical Label 'Out_N'
    @(26.67 mm, 96.52 mm): Global Label 'OUT_N'
[similar_labels]: Labels are similar (lower/upper case difference only)
    ; warning
    @(72.39 mm, 137.16 mm): Hierarchical Label 'Out_N'
    @(139.70 mm, 74.93 mm): Global Label 'OUT_N'
[similar_labels]: Labels are similar (lower/upper case difference only)
    ; warning
    @(72.39 mm, 137.16 mm): Hierarchical Label 'Out_N'
    @(224.79 mm, 74.93 mm): Global Label 'OUT_N'
[similar_labels]: Labels are similar (lower/upper case difference only)
    ; warning
    @(72.39 mm, 137.16 mm): Hierarchical Label 'Out_N'
    @(43.18 mm, 167.64 mm): Global Label 'OUT_N'
[similar_labels]: Labels are similar (lower/upper case difference only)
    ; warning
    @(72.39 mm, 137.16 mm): Hierarchical Label 'Out_N'
    @(139.70 mm, 110.49 mm): Global Label 'OUT_N'
[similar_labels]: Labels are similar (lower/upper case difference only)
    ; warning
    @(72.39 mm, 142.24 mm): Hierarchical Label 'Out_P'
    @(139.70 mm, 72.39 mm): Global Label 'OUT_P'
[similar_labels]: Labels are similar (lower/upper case difference only)
    ; warning
    @(72.39 mm, 142.24 mm): Hierarchical Label 'Out_P'
    @(224.79 mm, 142.24 mm): Global Label 'OUT_P'
[similar_labels]: Labels are similar (lower/upper case difference only)
    ; warning
    @(72.39 mm, 142.24 mm): Hierarchical Label 'Out_P'
    @(139.70 mm, 177.80 mm): Global Label 'OUT_P'
[similar_labels]: Labels are similar (lower/upper case difference only)
    ; warning
    @(72.39 mm, 142.24 mm): Hierarchical Label 'Out_P'
    @(139.70 mm, 107.95 mm): Global Label 'OUT_P'
[similar_labels]: Labels are similar (lower/upper case difference only)
    ; warning
    @(72.39 mm, 142.24 mm): Hierarchical Label 'Out_P'
    @(43.18 mm, 162.56 mm): Global Label 'OUT_P'
[similar_labels]: Labels are similar (lower/upper case difference only)
    ; warning
    @(72.39 mm, 142.24 mm): Hierarchical Label 'Out_P'
    @(224.79 mm, 177.80 mm): Global Label 'OUT_P'
[similar_labels]: Labels are similar (lower/upper case difference only)
    ; warning
    @(72.39 mm, 142.24 mm): Hierarchical Label 'Out_P'
    @(224.79 mm, 72.39 mm): Global Label 'OUT_P'
[similar_labels]: Labels are similar (lower/upper case difference only)
    ; warning
    @(72.39 mm, 142.24 mm): Hierarchical Label 'Out_P'
    @(139.70 mm, 213.36 mm): Global Label 'OUT_P'
[similar_labels]: Labels are similar (lower/upper case difference only)
    ; warning
    @(72.39 mm, 142.24 mm): Hierarchical Label 'Out_P'
    @(139.70 mm, 142.24 mm): Global Label 'OUT_P'
[similar_labels]: Labels are similar (lower/upper case difference only)
    ; warning
    @(72.39 mm, 142.24 mm): Hierarchical Label 'Out_P'
    @(224.79 mm, 213.36 mm): Global Label 'OUT_P'
[similar_labels]: Labels are similar (lower/upper case difference only)
    ; warning
    @(72.39 mm, 142.24 mm): Hierarchical Label 'Out_P'
    @(224.79 mm, 247.65 mm): Global Label 'OUT_P'
[similar_labels]: Labels are similar (lower/upper case difference only)
    ; warning
    @(72.39 mm, 142.24 mm): Hierarchical Label 'Out_P'
    @(26.67 mm, 93.98 mm): Global Label 'OUT_P'
[similar_labels]: Labels are similar (lower/upper case difference only)
    ; warning
    @(72.39 mm, 142.24 mm): Hierarchical Label 'Out_P'
    @(224.79 mm, 107.95 mm): Global Label 'OUT_P'
[similar_labels]: Labels are similar (lower/upper case difference only)
    ; warning
    @(72.39 mm, 142.24 mm): Hierarchical Label 'Out_P'
    @(45.72 mm, 64.77 mm): Global Label 'OUT_P'
[similar_labels]: Labels are similar (lower/upper case difference only)
    ; warning
    @(72.39 mm, 142.24 mm): Hierarchical Label 'Out_P'
    @(26.67 mm, 82.55 mm): Global Label 'OUT_P'
[similar_labels]: Labels are similar (lower/upper case difference only)
    ; warning
    @(72.39 mm, 142.24 mm): Hierarchical Label 'Out_P'
    @(139.70 mm, 247.65 mm): Global Label 'OUT_P'
[similar_labels]: Labels are similar (lower/upper case difference only)
    ; warning
    @(198.12 mm, 138.43 mm): Hierarchical Label 'Out_N'
    @(224.79 mm, 250.19 mm): Global Label 'OUT_N'
[similar_labels]: Labels are similar (lower/upper case difference only)
    ; warning
    @(198.12 mm, 138.43 mm): Hierarchical Label 'Out_N'
    @(139.70 mm, 215.90 mm): Global Label 'OUT_N'
[similar_labels]: Labels are similar (lower/upper case difference only)
    ; warning
    @(198.12 mm, 138.43 mm): Hierarchical Label 'Out_N'
    @(224.79 mm, 110.49 mm): Global Label 'OUT_N'
[similar_labels]: Labels are similar (lower/upper case difference only)
    ; warning
    @(198.12 mm, 138.43 mm): Hierarchical Label 'Out_N'
    @(139.70 mm, 144.78 mm): Global Label 'OUT_N'
[similar_labels]: Labels are similar (lower/upper case difference only)
    ; warning
    @(198.12 mm, 138.43 mm): Hierarchical Label 'Out_N'
    @(224.79 mm, 144.78 mm): Global Label 'OUT_N'
[similar_labels]: Labels are similar (lower/upper case difference only)
    ; warning
    @(198.12 mm, 138.43 mm): Hierarchical Label 'Out_N'
    @(26.67 mm, 85.09 mm): Global Label 'OUT_N'
[similar_labels]: Labels are similar (lower/upper case difference only)
    ; warning
    @(198.12 mm, 138.43 mm): Hierarchical Label 'Out_N'
    @(45.72 mm, 69.85 mm): Global Label 'OUT_N'
[similar_labels]: Labels are similar (lower/upper case difference only)
    ; warning
    @(198.12 mm, 138.43 mm): Hierarchical Label 'Out_N'
    @(224.79 mm, 215.90 mm): Global Label 'OUT_N'
[similar_labels]: Labels are similar (lower/upper case difference only)
    ; warning
    @(198.12 mm, 138.43 mm): Hierarchical Label 'Out_N'
    @(139.70 mm, 250.19 mm): Global Label 'OUT_N'
[similar_labels]: Labels are similar (lower/upper case difference only)
    ; warning
    @(198.12 mm, 138.43 mm): Hierarchical Label 'Out_N'
    @(139.70 mm, 180.34 mm): Global Label 'OUT_N'
[similar_labels]: Labels are similar (lower/upper case difference only)
    ; warning
    @(198.12 mm, 138.43 mm): Hierarchical Label 'Out_N'
    @(224.79 mm, 180.34 mm): Global Label 'OUT_N'
[similar_labels]: Labels are similar (lower/upper case difference only)
    ; warning
    @(198.12 mm, 138.43 mm): Hierarchical Label 'Out_N'
    @(26.67 mm, 96.52 mm): Global Label 'OUT_N'
[similar_labels]: Labels are similar (lower/upper case difference only)
    ; warning
    @(198.12 mm, 138.43 mm): Hierarchical Label 'Out_N'
    @(139.70 mm, 74.93 mm): Global Label 'OUT_N'
[similar_labels]: Labels are similar (lower/upper case difference only)
    ; warning
    @(198.12 mm, 138.43 mm): Hierarchical Label 'Out_N'
    @(224.79 mm, 74.93 mm): Global Label 'OUT_N'
[similar_labels]: Labels are similar (lower/upper case difference only)
    ; warning
    @(198.12 mm, 138.43 mm): Hierarchical Label 'Out_N'
    @(43.18 mm, 167.64 mm): Global Label 'OUT_N'
[similar_labels]: Labels are similar (lower/upper case difference only)
    ; warning
    @(198.12 mm, 138.43 mm): Hierarchical Label 'Out_N'
    @(139.70 mm, 110.49 mm): Global Label 'OUT_N'
[similar_labels]: Labels are similar (lower/upper case difference only)
    ; warning
    @(198.12 mm, 143.51 mm): Hierarchical Label 'Out_P'
    @(139.70 mm, 72.39 mm): Global Label 'OUT_P'
[similar_labels]: Labels are similar (lower/upper case difference only)
    ; warning
    @(198.12 mm, 143.51 mm): Hierarchical Label 'Out_P'
    @(224.79 mm, 142.24 mm): Global Label 'OUT_P'
[similar_labels]: Labels are similar (lower/upper case difference only)
    ; warning
    @(198.12 mm, 143.51 mm): Hierarchical Label 'Out_P'
    @(139.70 mm, 177.80 mm): Global Label 'OUT_P'
[similar_labels]: Labels are similar (lower/upper case difference only)
    ; warning
    @(198.12 mm, 143.51 mm): Hierarchical Label 'Out_P'
    @(139.70 mm, 107.95 mm): Global Label 'OUT_P'
[similar_labels]: Labels are similar (lower/upper case difference only)
    ; warning
    @(198.12 mm, 143.51 mm): Hierarchical Label 'Out_P'
    @(43.18 mm, 162.56 mm): Global Label 'OUT_P'
[similar_labels]: Labels are similar (lower/upper case difference only)
    ; warning
    @(198.12 mm, 143.51 mm): Hierarchical Label 'Out_P'
    @(224.79 mm, 177.80 mm): Global Label 'OUT_P'
[similar_labels]: Labels are similar (lower/upper case difference only)
    ; warning
    @(198.12 mm, 143.51 mm): Hierarchical Label 'Out_P'
    @(224.79 mm, 72.39 mm): Global Label 'OUT_P'
[similar_labels]: Labels are similar (lower/upper case difference only)
    ; warning
    @(198.12 mm, 143.51 mm): Hierarchical Label 'Out_P'
    @(139.70 mm, 213.36 mm): Global Label 'OUT_P'
[similar_labels]: Labels are similar (lower/upper case difference only)
    ; warning
    @(198.12 mm, 143.51 mm): Hierarchical Label 'Out_P'
    @(139.70 mm, 142.24 mm): Global Label 'OUT_P'
[similar_labels]: Labels are similar (lower/upper case difference only)
    ; warning
    @(198.12 mm, 143.51 mm): Hierarchical Label 'Out_P'
    @(224.79 mm, 213.36 mm): Global Label 'OUT_P'
[similar_labels]: Labels are similar (lower/upper case difference only)
    ; warning
    @(198.12 mm, 143.51 mm): Hierarchical Label 'Out_P'
    @(224.79 mm, 247.65 mm): Global Label 'OUT_P'
[similar_labels]: Labels are similar (lower/upper case difference only)
    ; warning
    @(198.12 mm, 143.51 mm): Hierarchical Label 'Out_P'
    @(26.67 mm, 93.98 mm): Global Label 'OUT_P'
[similar_labels]: Labels are similar (lower/upper case difference only)
    ; warning
    @(198.12 mm, 143.51 mm): Hierarchical Label 'Out_P'
    @(224.79 mm, 107.95 mm): Global Label 'OUT_P'
[similar_labels]: Labels are similar (lower/upper case difference only)
    ; warning
    @(198.12 mm, 143.51 mm): Hierarchical Label 'Out_P'
    @(45.72 mm, 64.77 mm): Global Label 'OUT_P'
[similar_labels]: Labels are similar (lower/upper case difference only)
    ; warning
    @(198.12 mm, 143.51 mm): Hierarchical Label 'Out_P'
    @(26.67 mm, 82.55 mm): Global Label 'OUT_P'
[similar_labels]: Labels are similar (lower/upper case difference only)
    ; warning
    @(198.12 mm, 143.51 mm): Hierarchical Label 'Out_P'
    @(139.70 mm, 247.65 mm): Global Label 'OUT_P'

***** Sheet /Relay_group9/
[similar_labels]: Labels are similar (lower/upper case difference only)
    ; warning
    @(38.10 mm, 29.21 mm): Hierarchical Label 'Synchronous_clear'
    @(224.79 mm, 90.17 mm): Global Label 'synchronous_clear'
[similar_labels]: Labels are similar (lower/upper case difference only)
    ; warning
    @(38.10 mm, 29.21 mm): Hierarchical Label 'Synchronous_clear'
    @(139.70 mm, 54.61 mm): Global Label 'synchronous_clear'
[similar_labels]: Labels are similar (lower/upper case difference only)
    ; warning
    @(38.10 mm, 29.21 mm): Hierarchical Label 'Synchronous_clear'
    @(224.79 mm, 195.58 mm): Global Label 'synchronous_clear'
[similar_labels]: Labels are similar (lower/upper case difference only)
    ; warning
    @(38.10 mm, 29.21 mm): Hierarchical Label 'Synchronous_clear'
    @(224.79 mm, 229.87 mm): Global Label 'synchronous_clear'
[similar_labels]: Labels are similar (lower/upper case difference only)
    ; warning
    @(38.10 mm, 29.21 mm): Hierarchical Label 'Synchronous_clear'
    @(88.90 mm, 38.10 mm): Global Label 'synchronous_clear'
[similar_labels]: Labels are similar (lower/upper case difference only)
    ; warning
    @(38.10 mm, 29.21 mm): Hierarchical Label 'Synchronous_clear'
    @(139.70 mm, 160.02 mm): Global Label 'synchronous_clear'
[similar_labels]: Labels are similar (lower/upper case difference only)
    ; warning
    @(38.10 mm, 29.21 mm): Hierarchical Label 'Synchronous_clear'
    @(139.70 mm, 195.58 mm): Global Label 'synchronous_clear'
[similar_labels]: Labels are similar (lower/upper case difference only)
    ; warning
    @(38.10 mm, 29.21 mm): Hierarchical Label 'Synchronous_clear'
    @(224.79 mm, 160.02 mm): Global Label 'synchronous_clear'
[similar_labels]: Labels are similar (lower/upper case difference only)
    ; warning
    @(38.10 mm, 29.21 mm): Hierarchical Label 'Synchronous_clear'
    @(139.70 mm, 124.46 mm): Global Label 'synchronous_clear'
[similar_labels]: Labels are similar (lower/upper case difference only)
    ; warning
    @(38.10 mm, 29.21 mm): Hierarchical Label 'Synchronous_clear'
    @(139.70 mm, 229.87 mm): Global Label 'synchronous_clear'
[similar_labels]: Labels are similar (lower/upper case difference only)
    ; warning
    @(38.10 mm, 29.21 mm): Hierarchical Label 'Synchronous_clear'
    @(139.70 mm, 90.17 mm): Global Label 'synchronous_clear'
[similar_labels]: Labels are similar (lower/upper case difference only)
    ; warning
    @(38.10 mm, 29.21 mm): Hierarchical Label 'Synchronous_clear'
    @(224.79 mm, 124.46 mm): Global Label 'synchronous_clear'
[similar_labels]: Labels are similar (lower/upper case difference only)
    ; warning
    @(38.10 mm, 29.21 mm): Hierarchical Label 'Synchronous_clear'
    @(224.79 mm, 54.61 mm): Global Label 'synchronous_clear'
[similar_labels]: Labels are similar (lower/upper case difference only)
    ; warning
    @(38.10 mm, 29.21 mm): Hierarchical Label 'Synchronous_clear'
    @(80.01 mm, 135.89 mm): Global Label 'synchronous_clear'
[similar_labels]: Labels are similar (lower/upper case difference only)
    ; warning
    @(38.10 mm, 29.21 mm): Hierarchical Label 'Synchronous_clear'
    @(26.67 mm, 38.10 mm): Global Label 'synchronous_clear'
[similar_labels]: Labels are similar (lower/upper case difference only)
    ; warning
    @(72.39 mm, 137.16 mm): Hierarchical Label 'Out_N'
    @(224.79 mm, 250.19 mm): Global Label 'OUT_N'
[similar_labels]: Labels are similar (lower/upper case difference only)
    ; warning
    @(72.39 mm, 137.16 mm): Hierarchical Label 'Out_N'
    @(139.70 mm, 215.90 mm): Global Label 'OUT_N'
[similar_labels]: Labels are similar (lower/upper case difference only)
    ; warning
    @(72.39 mm, 137.16 mm): Hierarchical Label 'Out_N'
    @(224.79 mm, 110.49 mm): Global Label 'OUT_N'
[similar_labels]: Labels are similar (lower/upper case difference only)
    ; warning
    @(72.39 mm, 137.16 mm): Hierarchical Label 'Out_N'
    @(139.70 mm, 144.78 mm): Global Label 'OUT_N'
[similar_labels]: Labels are similar (lower/upper case difference only)
    ; warning
    @(72.39 mm, 137.16 mm): Hierarchical Label 'Out_N'
    @(224.79 mm, 144.78 mm): Global Label 'OUT_N'
[similar_labels]: Labels are similar (lower/upper case difference only)
    ; warning
    @(72.39 mm, 137.16 mm): Hierarchical Label 'Out_N'
    @(26.67 mm, 85.09 mm): Global Label 'OUT_N'
[similar_labels]: Labels are similar (lower/upper case difference only)
    ; warning
    @(72.39 mm, 137.16 mm): Hierarchical Label 'Out_N'
    @(45.72 mm, 69.85 mm): Global Label 'OUT_N'
[similar_labels]: Labels are similar (lower/upper case difference only)
    ; warning
    @(72.39 mm, 137.16 mm): Hierarchical Label 'Out_N'
    @(224.79 mm, 215.90 mm): Global Label 'OUT_N'
[similar_labels]: Labels are similar (lower/upper case difference only)
    ; warning
    @(72.39 mm, 137.16 mm): Hierarchical Label 'Out_N'
    @(139.70 mm, 250.19 mm): Global Label 'OUT_N'
[similar_labels]: Labels are similar (lower/upper case difference only)
    ; warning
    @(72.39 mm, 137.16 mm): Hierarchical Label 'Out_N'
    @(139.70 mm, 180.34 mm): Global Label 'OUT_N'
[similar_labels]: Labels are similar (lower/upper case difference only)
    ; warning
    @(72.39 mm, 137.16 mm): Hierarchical Label 'Out_N'
    @(224.79 mm, 180.34 mm): Global Label 'OUT_N'
[similar_labels]: Labels are similar (lower/upper case difference only)
    ; warning
    @(72.39 mm, 137.16 mm): Hierarchical Label 'Out_N'
    @(26.67 mm, 96.52 mm): Global Label 'OUT_N'
[similar_labels]: Labels are similar (lower/upper case difference only)
    ; warning
    @(72.39 mm, 137.16 mm): Hierarchical Label 'Out_N'
    @(139.70 mm, 74.93 mm): Global Label 'OUT_N'
[similar_labels]: Labels are similar (lower/upper case difference only)
    ; warning
    @(72.39 mm, 137.16 mm): Hierarchical Label 'Out_N'
    @(224.79 mm, 74.93 mm): Global Label 'OUT_N'
[similar_labels]: Labels are similar (lower/upper case difference only)
    ; warning
    @(72.39 mm, 137.16 mm): Hierarchical Label 'Out_N'
    @(43.18 mm, 167.64 mm): Global Label 'OUT_N'
[similar_labels]: Labels are similar (lower/upper case difference only)
    ; warning
    @(72.39 mm, 137.16 mm): Hierarchical Label 'Out_N'
    @(139.70 mm, 110.49 mm): Global Label 'OUT_N'
[similar_labels]: Labels are similar (lower/upper case difference only)
    ; warning
    @(72.39 mm, 142.24 mm): Hierarchical Label 'Out_P'
    @(139.70 mm, 72.39 mm): Global Label 'OUT_P'
[similar_labels]: Labels are similar (lower/upper case difference only)
    ; warning
    @(72.39 mm, 142.24 mm): Hierarchical Label 'Out_P'
    @(224.79 mm, 142.24 mm): Global Label 'OUT_P'
[similar_labels]: Labels are similar (lower/upper case difference only)
    ; warning
    @(72.39 mm, 142.24 mm): Hierarchical Label 'Out_P'
    @(139.70 mm, 177.80 mm): Global Label 'OUT_P'
[similar_labels]: Labels are similar (lower/upper case difference only)
    ; warning
    @(72.39 mm, 142.24 mm): Hierarchical Label 'Out_P'
    @(139.70 mm, 107.95 mm): Global Label 'OUT_P'
[similar_labels]: Labels are similar (lower/upper case difference only)
    ; warning
    @(72.39 mm, 142.24 mm): Hierarchical Label 'Out_P'
    @(43.18 mm, 162.56 mm): Global Label 'OUT_P'
[similar_labels]: Labels are similar (lower/upper case difference only)
    ; warning
    @(72.39 mm, 142.24 mm): Hierarchical Label 'Out_P'
    @(224.79 mm, 177.80 mm): Global Label 'OUT_P'
[similar_labels]: Labels are similar (lower/upper case difference only)
    ; warning
    @(72.39 mm, 142.24 mm): Hierarchical Label 'Out_P'
    @(224.79 mm, 72.39 mm): Global Label 'OUT_P'
[similar_labels]: Labels are similar (lower/upper case difference only)
    ; warning
    @(72.39 mm, 142.24 mm): Hierarchical Label 'Out_P'
    @(139.70 mm, 213.36 mm): Global Label 'OUT_P'
[similar_labels]: Labels are similar (lower/upper case difference only)
    ; warning
    @(72.39 mm, 142.24 mm): Hierarchical Label 'Out_P'
    @(139.70 mm, 142.24 mm): Global Label 'OUT_P'
[similar_labels]: Labels are similar (lower/upper case difference only)
    ; warning
    @(72.39 mm, 142.24 mm): Hierarchical Label 'Out_P'
    @(224.79 mm, 213.36 mm): Global Label 'OUT_P'
[similar_labels]: Labels are similar (lower/upper case difference only)
    ; warning
    @(72.39 mm, 142.24 mm): Hierarchical Label 'Out_P'
    @(224.79 mm, 247.65 mm): Global Label 'OUT_P'
[similar_labels]: Labels are similar (lower/upper case difference only)
    ; warning
    @(72.39 mm, 142.24 mm): Hierarchical Label 'Out_P'
    @(26.67 mm, 93.98 mm): Global Label 'OUT_P'
[similar_labels]: Labels are similar (lower/upper case difference only)
    ; warning
    @(72.39 mm, 142.24 mm): Hierarchical Label 'Out_P'
    @(224.79 mm, 107.95 mm): Global Label 'OUT_P'
[similar_labels]: Labels are similar (lower/upper case difference only)
    ; warning
    @(72.39 mm, 142.24 mm): Hierarchical Label 'Out_P'
    @(45.72 mm, 64.77 mm): Global Label 'OUT_P'
[similar_labels]: Labels are similar (lower/upper case difference only)
    ; warning
    @(72.39 mm, 142.24 mm): Hierarchical Label 'Out_P'
    @(26.67 mm, 82.55 mm): Global Label 'OUT_P'
[similar_labels]: Labels are similar (lower/upper case difference only)
    ; warning
    @(72.39 mm, 142.24 mm): Hierarchical Label 'Out_P'
    @(139.70 mm, 247.65 mm): Global Label 'OUT_P'
[similar_labels]: Labels are similar (lower/upper case difference only)
    ; warning
    @(198.12 mm, 138.43 mm): Hierarchical Label 'Out_N'
    @(224.79 mm, 250.19 mm): Global Label 'OUT_N'
[similar_labels]: Labels are similar (lower/upper case difference only)
    ; warning
    @(198.12 mm, 138.43 mm): Hierarchical Label 'Out_N'
    @(139.70 mm, 215.90 mm): Global Label 'OUT_N'
[similar_labels]: Labels are similar (lower/upper case difference only)
    ; warning
    @(198.12 mm, 138.43 mm): Hierarchical Label 'Out_N'
    @(224.79 mm, 110.49 mm): Global Label 'OUT_N'
[similar_labels]: Labels are similar (lower/upper case difference only)
    ; warning
    @(198.12 mm, 138.43 mm): Hierarchical Label 'Out_N'
    @(139.70 mm, 144.78 mm): Global Label 'OUT_N'
[similar_labels]: Labels are similar (lower/upper case difference only)
    ; warning
    @(198.12 mm, 138.43 mm): Hierarchical Label 'Out_N'
    @(224.79 mm, 144.78 mm): Global Label 'OUT_N'
[similar_labels]: Labels are similar (lower/upper case difference only)
    ; warning
    @(198.12 mm, 138.43 mm): Hierarchical Label 'Out_N'
    @(26.67 mm, 85.09 mm): Global Label 'OUT_N'
[similar_labels]: Labels are similar (lower/upper case difference only)
    ; warning
    @(198.12 mm, 138.43 mm): Hierarchical Label 'Out_N'
    @(45.72 mm, 69.85 mm): Global Label 'OUT_N'
[similar_labels]: Labels are similar (lower/upper case difference only)
    ; warning
    @(198.12 mm, 138.43 mm): Hierarchical Label 'Out_N'
    @(224.79 mm, 215.90 mm): Global Label 'OUT_N'
[similar_labels]: Labels are similar (lower/upper case difference only)
    ; warning
    @(198.12 mm, 138.43 mm): Hierarchical Label 'Out_N'
    @(139.70 mm, 250.19 mm): Global Label 'OUT_N'
[similar_labels]: Labels are similar (lower/upper case difference only)
    ; warning
    @(198.12 mm, 138.43 mm): Hierarchical Label 'Out_N'
    @(139.70 mm, 180.34 mm): Global Label 'OUT_N'
[similar_labels]: Labels are similar (lower/upper case difference only)
    ; warning
    @(198.12 mm, 138.43 mm): Hierarchical Label 'Out_N'
    @(224.79 mm, 180.34 mm): Global Label 'OUT_N'
[similar_labels]: Labels are similar (lower/upper case difference only)
    ; warning
    @(198.12 mm, 138.43 mm): Hierarchical Label 'Out_N'
    @(26.67 mm, 96.52 mm): Global Label 'OUT_N'
[similar_labels]: Labels are similar (lower/upper case difference only)
    ; warning
    @(198.12 mm, 138.43 mm): Hierarchical Label 'Out_N'
    @(139.70 mm, 74.93 mm): Global Label 'OUT_N'
[similar_labels]: Labels are similar (lower/upper case difference only)
    ; warning
    @(198.12 mm, 138.43 mm): Hierarchical Label 'Out_N'
    @(224.79 mm, 74.93 mm): Global Label 'OUT_N'
[similar_labels]: Labels are similar (lower/upper case difference only)
    ; warning
    @(198.12 mm, 138.43 mm): Hierarchical Label 'Out_N'
    @(43.18 mm, 167.64 mm): Global Label 'OUT_N'
[similar_labels]: Labels are similar (lower/upper case difference only)
    ; warning
    @(198.12 mm, 138.43 mm): Hierarchical Label 'Out_N'
    @(139.70 mm, 110.49 mm): Global Label 'OUT_N'
[similar_labels]: Labels are similar (lower/upper case difference only)
    ; warning
    @(198.12 mm, 143.51 mm): Hierarchical Label 'Out_P'
    @(139.70 mm, 72.39 mm): Global Label 'OUT_P'
[similar_labels]: Labels are similar (lower/upper case difference only)
    ; warning
    @(198.12 mm, 143.51 mm): Hierarchical Label 'Out_P'
    @(224.79 mm, 142.24 mm): Global Label 'OUT_P'
[similar_labels]: Labels are similar (lower/upper case difference only)
    ; warning
    @(198.12 mm, 143.51 mm): Hierarchical Label 'Out_P'
    @(139.70 mm, 177.80 mm): Global Label 'OUT_P'
[similar_labels]: Labels are similar (lower/upper case difference only)
    ; warning
    @(198.12 mm, 143.51 mm): Hierarchical Label 'Out_P'
    @(139.70 mm, 107.95 mm): Global Label 'OUT_P'
[similar_labels]: Labels are similar (lower/upper case difference only)
    ; warning
    @(198.12 mm, 143.51 mm): Hierarchical Label 'Out_P'
    @(43.18 mm, 162.56 mm): Global Label 'OUT_P'
[similar_labels]: Labels are similar (lower/upper case difference only)
    ; warning
    @(198.12 mm, 143.51 mm): Hierarchical Label 'Out_P'
    @(224.79 mm, 177.80 mm): Global Label 'OUT_P'
[similar_labels]: Labels are similar (lower/upper case difference only)
    ; warning
    @(198.12 mm, 143.51 mm): Hierarchical Label 'Out_P'
    @(224.79 mm, 72.39 mm): Global Label 'OUT_P'
[similar_labels]: Labels are similar (lower/upper case difference only)
    ; warning
    @(198.12 mm, 143.51 mm): Hierarchical Label 'Out_P'
    @(139.70 mm, 213.36 mm): Global Label 'OUT_P'
[similar_labels]: Labels are similar (lower/upper case difference only)
    ; warning
    @(198.12 mm, 143.51 mm): Hierarchical Label 'Out_P'
    @(139.70 mm, 142.24 mm): Global Label 'OUT_P'
[similar_labels]: Labels are similar (lower/upper case difference only)
    ; warning
    @(198.12 mm, 143.51 mm): Hierarchical Label 'Out_P'
    @(224.79 mm, 213.36 mm): Global Label 'OUT_P'
[similar_labels]: Labels are similar (lower/upper case difference only)
    ; warning
    @(198.12 mm, 143.51 mm): Hierarchical Label 'Out_P'
    @(224.79 mm, 247.65 mm): Global Label 'OUT_P'
[similar_labels]: Labels are similar (lower/upper case difference only)
    ; warning
    @(198.12 mm, 143.51 mm): Hierarchical Label 'Out_P'
    @(26.67 mm, 93.98 mm): Global Label 'OUT_P'
[similar_labels]: Labels are similar (lower/upper case difference only)
    ; warning
    @(198.12 mm, 143.51 mm): Hierarchical Label 'Out_P'
    @(224.79 mm, 107.95 mm): Global Label 'OUT_P'
[similar_labels]: Labels are similar (lower/upper case difference only)
    ; warning
    @(198.12 mm, 143.51 mm): Hierarchical Label 'Out_P'
    @(45.72 mm, 64.77 mm): Global Label 'OUT_P'
[similar_labels]: Labels are similar (lower/upper case difference only)
    ; warning
    @(198.12 mm, 143.51 mm): Hierarchical Label 'Out_P'
    @(26.67 mm, 82.55 mm): Global Label 'OUT_P'
[similar_labels]: Labels are similar (lower/upper case difference only)
    ; warning
    @(198.12 mm, 143.51 mm): Hierarchical Label 'Out_P'
    @(139.70 mm, 247.65 mm): Global Label 'OUT_P'

***** Sheet /Relay_group10/
[similar_labels]: Labels are similar (lower/upper case difference only)
    ; warning
    @(38.10 mm, 29.21 mm): Hierarchical Label 'Synchronous_clear'
    @(224.79 mm, 90.17 mm): Global Label 'synchronous_clear'
[similar_labels]: Labels are similar (lower/upper case difference only)
    ; warning
    @(38.10 mm, 29.21 mm): Hierarchical Label 'Synchronous_clear'
    @(139.70 mm, 54.61 mm): Global Label 'synchronous_clear'
[similar_labels]: Labels are similar (lower/upper case difference only)
    ; warning
    @(38.10 mm, 29.21 mm): Hierarchical Label 'Synchronous_clear'
    @(224.79 mm, 195.58 mm): Global Label 'synchronous_clear'
[similar_labels]: Labels are similar (lower/upper case difference only)
    ; warning
    @(38.10 mm, 29.21 mm): Hierarchical Label 'Synchronous_clear'
    @(224.79 mm, 229.87 mm): Global Label 'synchronous_clear'
[similar_labels]: Labels are similar (lower/upper case difference only)
    ; warning
    @(38.10 mm, 29.21 mm): Hierarchical Label 'Synchronous_clear'
    @(88.90 mm, 38.10 mm): Global Label 'synchronous_clear'
[similar_labels]: Labels are similar (lower/upper case difference only)
    ; warning
    @(38.10 mm, 29.21 mm): Hierarchical Label 'Synchronous_clear'
    @(139.70 mm, 160.02 mm): Global Label 'synchronous_clear'
[similar_labels]: Labels are similar (lower/upper case difference only)
    ; warning
    @(38.10 mm, 29.21 mm): Hierarchical Label 'Synchronous_clear'
    @(139.70 mm, 195.58 mm): Global Label 'synchronous_clear'
[similar_labels]: Labels are similar (lower/upper case difference only)
    ; warning
    @(38.10 mm, 29.21 mm): Hierarchical Label 'Synchronous_clear'
    @(224.79 mm, 160.02 mm): Global Label 'synchronous_clear'
[similar_labels]: Labels are similar (lower/upper case difference only)
    ; warning
    @(38.10 mm, 29.21 mm): Hierarchical Label 'Synchronous_clear'
    @(139.70 mm, 124.46 mm): Global Label 'synchronous_clear'
[similar_labels]: Labels are similar (lower/upper case difference only)
    ; warning
    @(38.10 mm, 29.21 mm): Hierarchical Label 'Synchronous_clear'
    @(139.70 mm, 229.87 mm): Global Label 'synchronous_clear'
[similar_labels]: Labels are similar (lower/upper case difference only)
    ; warning
    @(38.10 mm, 29.21 mm): Hierarchical Label 'Synchronous_clear'
    @(139.70 mm, 90.17 mm): Global Label 'synchronous_clear'
[similar_labels]: Labels are similar (lower/upper case difference only)
    ; warning
    @(38.10 mm, 29.21 mm): Hierarchical Label 'Synchronous_clear'
    @(224.79 mm, 124.46 mm): Global Label 'synchronous_clear'
[similar_labels]: Labels are similar (lower/upper case difference only)
    ; warning
    @(38.10 mm, 29.21 mm): Hierarchical Label 'Synchronous_clear'
    @(224.79 mm, 54.61 mm): Global Label 'synchronous_clear'
[similar_labels]: Labels are similar (lower/upper case difference only)
    ; warning
    @(38.10 mm, 29.21 mm): Hierarchical Label 'Synchronous_clear'
    @(80.01 mm, 135.89 mm): Global Label 'synchronous_clear'
[similar_labels]: Labels are similar (lower/upper case difference only)
    ; warning
    @(38.10 mm, 29.21 mm): Hierarchical Label 'Synchronous_clear'
    @(26.67 mm, 38.10 mm): Global Label 'synchronous_clear'
[similar_labels]: Labels are similar (lower/upper case difference only)
    ; warning
    @(72.39 mm, 137.16 mm): Hierarchical Label 'Out_N'
    @(224.79 mm, 250.19 mm): Global Label 'OUT_N'
[similar_labels]: Labels are similar (lower/upper case difference only)
    ; warning
    @(72.39 mm, 137.16 mm): Hierarchical Label 'Out_N'
    @(139.70 mm, 215.90 mm): Global Label 'OUT_N'
[similar_labels]: Labels are similar (lower/upper case difference only)
    ; warning
    @(72.39 mm, 137.16 mm): Hierarchical Label 'Out_N'
    @(224.79 mm, 110.49 mm): Global Label 'OUT_N'
[similar_labels]: Labels are similar (lower/upper case difference only)
    ; warning
    @(72.39 mm, 137.16 mm): Hierarchical Label 'Out_N'
    @(139.70 mm, 144.78 mm): Global Label 'OUT_N'
[similar_labels]: Labels are similar (lower/upper case difference only)
    ; warning
    @(72.39 mm, 137.16 mm): Hierarchical Label 'Out_N'
    @(224.79 mm, 144.78 mm): Global Label 'OUT_N'
[similar_labels]: Labels are similar (lower/upper case difference only)
    ; warning
    @(72.39 mm, 137.16 mm): Hierarchical Label 'Out_N'
    @(26.67 mm, 85.09 mm): Global Label 'OUT_N'
[similar_labels]: Labels are similar (lower/upper case difference only)
    ; warning
    @(72.39 mm, 137.16 mm): Hierarchical Label 'Out_N'
    @(45.72 mm, 69.85 mm): Global Label 'OUT_N'
[similar_labels]: Labels are similar (lower/upper case difference only)
    ; warning
    @(72.39 mm, 137.16 mm): Hierarchical Label 'Out_N'
    @(224.79 mm, 215.90 mm): Global Label 'OUT_N'
[similar_labels]: Labels are similar (lower/upper case difference only)
    ; warning
    @(72.39 mm, 137.16 mm): Hierarchical Label 'Out_N'
    @(139.70 mm, 250.19 mm): Global Label 'OUT_N'
[similar_labels]: Labels are similar (lower/upper case difference only)
    ; warning
    @(72.39 mm, 137.16 mm): Hierarchical Label 'Out_N'
    @(139.70 mm, 180.34 mm): Global Label 'OUT_N'
[similar_labels]: Labels are similar (lower/upper case difference only)
    ; warning
    @(72.39 mm, 137.16 mm): Hierarchical Label 'Out_N'
    @(224.79 mm, 180.34 mm): Global Label 'OUT_N'
[similar_labels]: Labels are similar (lower/upper case difference only)
    ; warning
    @(72.39 mm, 137.16 mm): Hierarchical Label 'Out_N'
    @(26.67 mm, 96.52 mm): Global Label 'OUT_N'
[similar_labels]: Labels are similar (lower/upper case difference only)
    ; warning
    @(72.39 mm, 137.16 mm): Hierarchical Label 'Out_N'
    @(139.70 mm, 74.93 mm): Global Label 'OUT_N'
[similar_labels]: Labels are similar (lower/upper case difference only)
    ; warning
    @(72.39 mm, 137.16 mm): Hierarchical Label 'Out_N'
    @(224.79 mm, 74.93 mm): Global Label 'OUT_N'
[similar_labels]: Labels are similar (lower/upper case difference only)
    ; warning
    @(72.39 mm, 137.16 mm): Hierarchical Label 'Out_N'
    @(43.18 mm, 167.64 mm): Global Label 'OUT_N'
[similar_labels]: Labels are similar (lower/upper case difference only)
    ; warning
    @(72.39 mm, 137.16 mm): Hierarchical Label 'Out_N'
    @(139.70 mm, 110.49 mm): Global Label 'OUT_N'
[similar_labels]: Labels are similar (lower/upper case difference only)
    ; warning
    @(72.39 mm, 142.24 mm): Hierarchical Label 'Out_P'
    @(139.70 mm, 72.39 mm): Global Label 'OUT_P'
[similar_labels]: Labels are similar (lower/upper case difference only)
    ; warning
    @(72.39 mm, 142.24 mm): Hierarchical Label 'Out_P'
    @(224.79 mm, 142.24 mm): Global Label 'OUT_P'
[similar_labels]: Labels are similar (lower/upper case difference only)
    ; warning
    @(72.39 mm, 142.24 mm): Hierarchical Label 'Out_P'
    @(139.70 mm, 177.80 mm): Global Label 'OUT_P'
[similar_labels]: Labels are similar (lower/upper case difference only)
    ; warning
    @(72.39 mm, 142.24 mm): Hierarchical Label 'Out_P'
    @(139.70 mm, 107.95 mm): Global Label 'OUT_P'
[similar_labels]: Labels are similar (lower/upper case difference only)
    ; warning
    @(72.39 mm, 142.24 mm): Hierarchical Label 'Out_P'
    @(43.18 mm, 162.56 mm): Global Label 'OUT_P'
[similar_labels]: Labels are similar (lower/upper case difference only)
    ; warning
    @(72.39 mm, 142.24 mm): Hierarchical Label 'Out_P'
    @(224.79 mm, 177.80 mm): Global Label 'OUT_P'
[similar_labels]: Labels are similar (lower/upper case difference only)
    ; warning
    @(72.39 mm, 142.24 mm): Hierarchical Label 'Out_P'
    @(224.79 mm, 72.39 mm): Global Label 'OUT_P'
[similar_labels]: Labels are similar (lower/upper case difference only)
    ; warning
    @(72.39 mm, 142.24 mm): Hierarchical Label 'Out_P'
    @(139.70 mm, 213.36 mm): Global Label 'OUT_P'
[similar_labels]: Labels are similar (lower/upper case difference only)
    ; warning
    @(72.39 mm, 142.24 mm): Hierarchical Label 'Out_P'
    @(139.70 mm, 142.24 mm): Global Label 'OUT_P'
[similar_labels]: Labels are similar (lower/upper case difference only)
    ; warning
    @(72.39 mm, 142.24 mm): Hierarchical Label 'Out_P'
    @(224.79 mm, 213.36 mm): Global Label 'OUT_P'
[similar_labels]: Labels are similar (lower/upper case difference only)
    ; warning
    @(72.39 mm, 142.24 mm): Hierarchical Label 'Out_P'
    @(224.79 mm, 247.65 mm): Global Label 'OUT_P'
[similar_labels]: Labels are similar (lower/upper case difference only)
    ; warning
    @(72.39 mm, 142.24 mm): Hierarchical Label 'Out_P'
    @(26.67 mm, 93.98 mm): Global Label 'OUT_P'
[similar_labels]: Labels are similar (lower/upper case difference only)
    ; warning
    @(72.39 mm, 142.24 mm): Hierarchical Label 'Out_P'
    @(224.79 mm, 107.95 mm): Global Label 'OUT_P'
[similar_labels]: Labels are similar (lower/upper case difference only)
    ; warning
    @(72.39 mm, 142.24 mm): Hierarchical Label 'Out_P'
    @(45.72 mm, 64.77 mm): Global Label 'OUT_P'
[similar_labels]: Labels are similar (lower/upper case difference only)
    ; warning
    @(72.39 mm, 142.24 mm): Hierarchical Label 'Out_P'
    @(26.67 mm, 82.55 mm): Global Label 'OUT_P'
[similar_labels]: Labels are similar (lower/upper case difference only)
    ; warning
    @(72.39 mm, 142.24 mm): Hierarchical Label 'Out_P'
    @(139.70 mm, 247.65 mm): Global Label 'OUT_P'
[similar_labels]: Labels are similar (lower/upper case difference only)
    ; warning
    @(198.12 mm, 138.43 mm): Hierarchical Label 'Out_N'
    @(224.79 mm, 250.19 mm): Global Label 'OUT_N'
[similar_labels]: Labels are similar (lower/upper case difference only)
    ; warning
    @(198.12 mm, 138.43 mm): Hierarchical Label 'Out_N'
    @(139.70 mm, 215.90 mm): Global Label 'OUT_N'
[similar_labels]: Labels are similar (lower/upper case difference only)
    ; warning
    @(198.12 mm, 138.43 mm): Hierarchical Label 'Out_N'
    @(224.79 mm, 110.49 mm): Global Label 'OUT_N'
[similar_labels]: Labels are similar (lower/upper case difference only)
    ; warning
    @(198.12 mm, 138.43 mm): Hierarchical Label 'Out_N'
    @(139.70 mm, 144.78 mm): Global Label 'OUT_N'
[similar_labels]: Labels are similar (lower/upper case difference only)
    ; warning
    @(198.12 mm, 138.43 mm): Hierarchical Label 'Out_N'
    @(224.79 mm, 144.78 mm): Global Label 'OUT_N'
[similar_labels]: Labels are similar (lower/upper case difference only)
    ; warning
    @(198.12 mm, 138.43 mm): Hierarchical Label 'Out_N'
    @(26.67 mm, 85.09 mm): Global Label 'OUT_N'
[similar_labels]: Labels are similar (lower/upper case difference only)
    ; warning
    @(198.12 mm, 138.43 mm): Hierarchical Label 'Out_N'
    @(45.72 mm, 69.85 mm): Global Label 'OUT_N'
[similar_labels]: Labels are similar (lower/upper case difference only)
    ; warning
    @(198.12 mm, 138.43 mm): Hierarchical Label 'Out_N'
    @(224.79 mm, 215.90 mm): Global Label 'OUT_N'
[similar_labels]: Labels are similar (lower/upper case difference only)
    ; warning
    @(198.12 mm, 138.43 mm): Hierarchical Label 'Out_N'
    @(139.70 mm, 250.19 mm): Global Label 'OUT_N'
[similar_labels]: Labels are similar (lower/upper case difference only)
    ; warning
    @(198.12 mm, 138.43 mm): Hierarchical Label 'Out_N'
    @(139.70 mm, 180.34 mm): Global Label 'OUT_N'
[similar_labels]: Labels are similar (lower/upper case difference only)
    ; warning
    @(198.12 mm, 138.43 mm): Hierarchical Label 'Out_N'
    @(224.79 mm, 180.34 mm): Global Label 'OUT_N'
[similar_labels]: Labels are similar (lower/upper case difference only)
    ; warning
    @(198.12 mm, 138.43 mm): Hierarchical Label 'Out_N'
    @(26.67 mm, 96.52 mm): Global Label 'OUT_N'
[similar_labels]: Labels are similar (lower/upper case difference only)
    ; warning
    @(198.12 mm, 138.43 mm): Hierarchical Label 'Out_N'
    @(139.70 mm, 74.93 mm): Global Label 'OUT_N'
[similar_labels]: Labels are similar (lower/upper case difference only)
    ; warning
    @(198.12 mm, 138.43 mm): Hierarchical Label 'Out_N'
    @(224.79 mm, 74.93 mm): Global Label 'OUT_N'
[similar_labels]: Labels are similar (lower/upper case difference only)
    ; warning
    @(198.12 mm, 138.43 mm): Hierarchical Label 'Out_N'
    @(43.18 mm, 167.64 mm): Global Label 'OUT_N'
[similar_labels]: Labels are similar (lower/upper case difference only)
    ; warning
    @(198.12 mm, 138.43 mm): Hierarchical Label 'Out_N'
    @(139.70 mm, 110.49 mm): Global Label 'OUT_N'
[similar_labels]: Labels are similar (lower/upper case difference only)
    ; warning
    @(198.12 mm, 143.51 mm): Hierarchical Label 'Out_P'
    @(139.70 mm, 72.39 mm): Global Label 'OUT_P'
[similar_labels]: Labels are similar (lower/upper case difference only)
    ; warning
    @(198.12 mm, 143.51 mm): Hierarchical Label 'Out_P'
    @(224.79 mm, 142.24 mm): Global Label 'OUT_P'
[similar_labels]: Labels are similar (lower/upper case difference only)
    ; warning
    @(198.12 mm, 143.51 mm): Hierarchical Label 'Out_P'
    @(139.70 mm, 177.80 mm): Global Label 'OUT_P'
[similar_labels]: Labels are similar (lower/upper case difference only)
    ; warning
    @(198.12 mm, 143.51 mm): Hierarchical Label 'Out_P'
    @(139.70 mm, 107.95 mm): Global Label 'OUT_P'
[similar_labels]: Labels are similar (lower/upper case difference only)
    ; warning
    @(198.12 mm, 143.51 mm): Hierarchical Label 'Out_P'
    @(43.18 mm, 162.56 mm): Global Label 'OUT_P'
[similar_labels]: Labels are similar (lower/upper case difference only)
    ; warning
    @(198.12 mm, 143.51 mm): Hierarchical Label 'Out_P'
    @(224.79 mm, 177.80 mm): Global Label 'OUT_P'
[similar_labels]: Labels are similar (lower/upper case difference only)
    ; warning
    @(198.12 mm, 143.51 mm): Hierarchical Label 'Out_P'
    @(224.79 mm, 72.39 mm): Global Label 'OUT_P'
[similar_labels]: Labels are similar (lower/upper case difference only)
    ; warning
    @(198.12 mm, 143.51 mm): Hierarchical Label 'Out_P'
    @(139.70 mm, 213.36 mm): Global Label 'OUT_P'
[similar_labels]: Labels are similar (lower/upper case difference only)
    ; warning
    @(198.12 mm, 143.51 mm): Hierarchical Label 'Out_P'
    @(139.70 mm, 142.24 mm): Global Label 'OUT_P'
[similar_labels]: Labels are similar (lower/upper case difference only)
    ; warning
    @(198.12 mm, 143.51 mm): Hierarchical Label 'Out_P'
    @(224.79 mm, 213.36 mm): Global Label 'OUT_P'
[similar_labels]: Labels are similar (lower/upper case difference only)
    ; warning
    @(198.12 mm, 143.51 mm): Hierarchical Label 'Out_P'
    @(224.79 mm, 247.65 mm): Global Label 'OUT_P'
[similar_labels]: Labels are similar (lower/upper case difference only)
    ; warning
    @(198.12 mm, 143.51 mm): Hierarchical Label 'Out_P'
    @(26.67 mm, 93.98 mm): Global Label 'OUT_P'
[similar_labels]: Labels are similar (lower/upper case difference only)
    ; warning
    @(198.12 mm, 143.51 mm): Hierarchical Label 'Out_P'
    @(224.79 mm, 107.95 mm): Global Label 'OUT_P'
[similar_labels]: Labels are similar (lower/upper case difference only)
    ; warning
    @(198.12 mm, 143.51 mm): Hierarchical Label 'Out_P'
    @(45.72 mm, 64.77 mm): Global Label 'OUT_P'
[similar_labels]: Labels are similar (lower/upper case difference only)
    ; warning
    @(198.12 mm, 143.51 mm): Hierarchical Label 'Out_P'
    @(26.67 mm, 82.55 mm): Global Label 'OUT_P'
[similar_labels]: Labels are similar (lower/upper case difference only)
    ; warning
    @(198.12 mm, 143.51 mm): Hierarchical Label 'Out_P'
    @(139.70 mm, 247.65 mm): Global Label 'OUT_P'

***** Sheet /Relay_group11/
[similar_labels]: Labels are similar (lower/upper case difference only)
    ; warning
    @(38.10 mm, 29.21 mm): Hierarchical Label 'Synchronous_clear'
    @(224.79 mm, 90.17 mm): Global Label 'synchronous_clear'
[similar_labels]: Labels are similar (lower/upper case difference only)
    ; warning
    @(38.10 mm, 29.21 mm): Hierarchical Label 'Synchronous_clear'
    @(139.70 mm, 54.61 mm): Global Label 'synchronous_clear'
[similar_labels]: Labels are similar (lower/upper case difference only)
    ; warning
    @(38.10 mm, 29.21 mm): Hierarchical Label 'Synchronous_clear'
    @(224.79 mm, 195.58 mm): Global Label 'synchronous_clear'
[similar_labels]: Labels are similar (lower/upper case difference only)
    ; warning
    @(38.10 mm, 29.21 mm): Hierarchical Label 'Synchronous_clear'
    @(224.79 mm, 229.87 mm): Global Label 'synchronous_clear'
[similar_labels]: Labels are similar (lower/upper case difference only)
    ; warning
    @(38.10 mm, 29.21 mm): Hierarchical Label 'Synchronous_clear'
    @(88.90 mm, 38.10 mm): Global Label 'synchronous_clear'
[similar_labels]: Labels are similar (lower/upper case difference only)
    ; warning
    @(38.10 mm, 29.21 mm): Hierarchical Label 'Synchronous_clear'
    @(139.70 mm, 160.02 mm): Global Label 'synchronous_clear'
[similar_labels]: Labels are similar (lower/upper case difference only)
    ; warning
    @(38.10 mm, 29.21 mm): Hierarchical Label 'Synchronous_clear'
    @(139.70 mm, 195.58 mm): Global Label 'synchronous_clear'
[similar_labels]: Labels are similar (lower/upper case difference only)
    ; warning
    @(38.10 mm, 29.21 mm): Hierarchical Label 'Synchronous_clear'
    @(224.79 mm, 160.02 mm): Global Label 'synchronous_clear'
[similar_labels]: Labels are similar (lower/upper case difference only)
    ; warning
    @(38.10 mm, 29.21 mm): Hierarchical Label 'Synchronous_clear'
    @(139.70 mm, 124.46 mm): Global Label 'synchronous_clear'
[similar_labels]: Labels are similar (lower/upper case difference only)
    ; warning
    @(38.10 mm, 29.21 mm): Hierarchical Label 'Synchronous_clear'
    @(139.70 mm, 229.87 mm): Global Label 'synchronous_clear'
[similar_labels]: Labels are similar (lower/upper case difference only)
    ; warning
    @(38.10 mm, 29.21 mm): Hierarchical Label 'Synchronous_clear'
    @(139.70 mm, 90.17 mm): Global Label 'synchronous_clear'
[similar_labels]: Labels are similar (lower/upper case difference only)
    ; warning
    @(38.10 mm, 29.21 mm): Hierarchical Label 'Synchronous_clear'
    @(224.79 mm, 124.46 mm): Global Label 'synchronous_clear'
[similar_labels]: Labels are similar (lower/upper case difference only)
    ; warning
    @(38.10 mm, 29.21 mm): Hierarchical Label 'Synchronous_clear'
    @(224.79 mm, 54.61 mm): Global Label 'synchronous_clear'
[similar_labels]: Labels are similar (lower/upper case difference only)
    ; warning
    @(38.10 mm, 29.21 mm): Hierarchical Label 'Synchronous_clear'
    @(80.01 mm, 135.89 mm): Global Label 'synchronous_clear'
[similar_labels]: Labels are similar (lower/upper case difference only)
    ; warning
    @(38.10 mm, 29.21 mm): Hierarchical Label 'Synchronous_clear'
    @(26.67 mm, 38.10 mm): Global Label 'synchronous_clear'
[similar_labels]: Labels are similar (lower/upper case difference only)
    ; warning
    @(72.39 mm, 137.16 mm): Hierarchical Label 'Out_N'
    @(224.79 mm, 250.19 mm): Global Label 'OUT_N'
[similar_labels]: Labels are similar (lower/upper case difference only)
    ; warning
    @(72.39 mm, 137.16 mm): Hierarchical Label 'Out_N'
    @(139.70 mm, 215.90 mm): Global Label 'OUT_N'
[similar_labels]: Labels are similar (lower/upper case difference only)
    ; warning
    @(72.39 mm, 137.16 mm): Hierarchical Label 'Out_N'
    @(224.79 mm, 110.49 mm): Global Label 'OUT_N'
[similar_labels]: Labels are similar (lower/upper case difference only)
    ; warning
    @(72.39 mm, 137.16 mm): Hierarchical Label 'Out_N'
    @(139.70 mm, 144.78 mm): Global Label 'OUT_N'
[similar_labels]: Labels are similar (lower/upper case difference only)
    ; warning
    @(72.39 mm, 137.16 mm): Hierarchical Label 'Out_N'
    @(224.79 mm, 144.78 mm): Global Label 'OUT_N'
[similar_labels]: Labels are similar (lower/upper case difference only)
    ; warning
    @(72.39 mm, 137.16 mm): Hierarchical Label 'Out_N'
    @(26.67 mm, 85.09 mm): Global Label 'OUT_N'
[similar_labels]: Labels are similar (lower/upper case difference only)
    ; warning
    @(72.39 mm, 137.16 mm): Hierarchical Label 'Out_N'
    @(45.72 mm, 69.85 mm): Global Label 'OUT_N'
[similar_labels]: Labels are similar (lower/upper case difference only)
    ; warning
    @(72.39 mm, 137.16 mm): Hierarchical Label 'Out_N'
    @(224.79 mm, 215.90 mm): Global Label 'OUT_N'
[similar_labels]: Labels are similar (lower/upper case difference only)
    ; warning
    @(72.39 mm, 137.16 mm): Hierarchical Label 'Out_N'
    @(139.70 mm, 250.19 mm): Global Label 'OUT_N'
[similar_labels]: Labels are similar (lower/upper case difference only)
    ; warning
    @(72.39 mm, 137.16 mm): Hierarchical Label 'Out_N'
    @(139.70 mm, 180.34 mm): Global Label 'OUT_N'
[similar_labels]: Labels are similar (lower/upper case difference only)
    ; warning
    @(72.39 mm, 137.16 mm): Hierarchical Label 'Out_N'
    @(224.79 mm, 180.34 mm): Global Label 'OUT_N'
[similar_labels]: Labels are similar (lower/upper case difference only)
    ; warning
    @(72.39 mm, 137.16 mm): Hierarchical Label 'Out_N'
    @(26.67 mm, 96.52 mm): Global Label 'OUT_N'
[similar_labels]: Labels are similar (lower/upper case difference only)
    ; warning
    @(72.39 mm, 137.16 mm): Hierarchical Label 'Out_N'
    @(139.70 mm, 74.93 mm): Global Label 'OUT_N'
[similar_labels]: Labels are similar (lower/upper case difference only)
    ; warning
    @(72.39 mm, 137.16 mm): Hierarchical Label 'Out_N'
    @(224.79 mm, 74.93 mm): Global Label 'OUT_N'
[similar_labels]: Labels are similar (lower/upper case difference only)
    ; warning
    @(72.39 mm, 137.16 mm): Hierarchical Label 'Out_N'
    @(43.18 mm, 167.64 mm): Global Label 'OUT_N'
[similar_labels]: Labels are similar (lower/upper case difference only)
    ; warning
    @(72.39 mm, 137.16 mm): Hierarchical Label 'Out_N'
    @(139.70 mm, 110.49 mm): Global Label 'OUT_N'
[similar_labels]: Labels are similar (lower/upper case difference only)
    ; warning
    @(72.39 mm, 142.24 mm): Hierarchical Label 'Out_P'
    @(139.70 mm, 72.39 mm): Global Label 'OUT_P'
[similar_labels]: Labels are similar (lower/upper case difference only)
    ; warning
    @(72.39 mm, 142.24 mm): Hierarchical Label 'Out_P'
    @(224.79 mm, 142.24 mm): Global Label 'OUT_P'
[similar_labels]: Labels are similar (lower/upper case difference only)
    ; warning
    @(72.39 mm, 142.24 mm): Hierarchical Label 'Out_P'
    @(139.70 mm, 177.80 mm): Global Label 'OUT_P'
[similar_labels]: Labels are similar (lower/upper case difference only)
    ; warning
    @(72.39 mm, 142.24 mm): Hierarchical Label 'Out_P'
    @(139.70 mm, 107.95 mm): Global Label 'OUT_P'
[similar_labels]: Labels are similar (lower/upper case difference only)
    ; warning
    @(72.39 mm, 142.24 mm): Hierarchical Label 'Out_P'
    @(43.18 mm, 162.56 mm): Global Label 'OUT_P'
[similar_labels]: Labels are similar (lower/upper case difference only)
    ; warning
    @(72.39 mm, 142.24 mm): Hierarchical Label 'Out_P'
    @(224.79 mm, 177.80 mm): Global Label 'OUT_P'
[similar_labels]: Labels are similar (lower/upper case difference only)
    ; warning
    @(72.39 mm, 142.24 mm): Hierarchical Label 'Out_P'
    @(224.79 mm, 72.39 mm): Global Label 'OUT_P'
[similar_labels]: Labels are similar (lower/upper case difference only)
    ; warning
    @(72.39 mm, 142.24 mm): Hierarchical Label 'Out_P'
    @(139.70 mm, 213.36 mm): Global Label 'OUT_P'
[similar_labels]: Labels are similar (lower/upper case difference only)
    ; warning
    @(72.39 mm, 142.24 mm): Hierarchical Label 'Out_P'
    @(139.70 mm, 142.24 mm): Global Label 'OUT_P'
[similar_labels]: Labels are similar (lower/upper case difference only)
    ; warning
    @(72.39 mm, 142.24 mm): Hierarchical Label 'Out_P'
    @(224.79 mm, 213.36 mm): Global Label 'OUT_P'
[similar_labels]: Labels are similar (lower/upper case difference only)
    ; warning
    @(72.39 mm, 142.24 mm): Hierarchical Label 'Out_P'
    @(224.79 mm, 247.65 mm): Global Label 'OUT_P'
[similar_labels]: Labels are similar (lower/upper case difference only)
    ; warning
    @(72.39 mm, 142.24 mm): Hierarchical Label 'Out_P'
    @(26.67 mm, 93.98 mm): Global Label 'OUT_P'
[similar_labels]: Labels are similar (lower/upper case difference only)
    ; warning
    @(72.39 mm, 142.24 mm): Hierarchical Label 'Out_P'
    @(224.79 mm, 107.95 mm): Global Label 'OUT_P'
[similar_labels]: Labels are similar (lower/upper case difference only)
    ; warning
    @(72.39 mm, 142.24 mm): Hierarchical Label 'Out_P'
    @(45.72 mm, 64.77 mm): Global Label 'OUT_P'
[similar_labels]: Labels are similar (lower/upper case difference only)
    ; warning
    @(72.39 mm, 142.24 mm): Hierarchical Label 'Out_P'
    @(26.67 mm, 82.55 mm): Global Label 'OUT_P'
[similar_labels]: Labels are similar (lower/upper case difference only)
    ; warning
    @(72.39 mm, 142.24 mm): Hierarchical Label 'Out_P'
    @(139.70 mm, 247.65 mm): Global Label 'OUT_P'
[similar_labels]: Labels are similar (lower/upper case difference only)
    ; warning
    @(198.12 mm, 138.43 mm): Hierarchical Label 'Out_N'
    @(224.79 mm, 250.19 mm): Global Label 'OUT_N'
[similar_labels]: Labels are similar (lower/upper case difference only)
    ; warning
    @(198.12 mm, 138.43 mm): Hierarchical Label 'Out_N'
    @(139.70 mm, 215.90 mm): Global Label 'OUT_N'
[similar_labels]: Labels are similar (lower/upper case difference only)
    ; warning
    @(198.12 mm, 138.43 mm): Hierarchical Label 'Out_N'
    @(224.79 mm, 110.49 mm): Global Label 'OUT_N'
[similar_labels]: Labels are similar (lower/upper case difference only)
    ; warning
    @(198.12 mm, 138.43 mm): Hierarchical Label 'Out_N'
    @(139.70 mm, 144.78 mm): Global Label 'OUT_N'
[similar_labels]: Labels are similar (lower/upper case difference only)
    ; warning
    @(198.12 mm, 138.43 mm): Hierarchical Label 'Out_N'
    @(224.79 mm, 144.78 mm): Global Label 'OUT_N'
[similar_labels]: Labels are similar (lower/upper case difference only)
    ; warning
    @(198.12 mm, 138.43 mm): Hierarchical Label 'Out_N'
    @(26.67 mm, 85.09 mm): Global Label 'OUT_N'
[similar_labels]: Labels are similar (lower/upper case difference only)
    ; warning
    @(198.12 mm, 138.43 mm): Hierarchical Label 'Out_N'
    @(45.72 mm, 69.85 mm): Global Label 'OUT_N'
[similar_labels]: Labels are similar (lower/upper case difference only)
    ; warning
    @(198.12 mm, 138.43 mm): Hierarchical Label 'Out_N'
    @(224.79 mm, 215.90 mm): Global Label 'OUT_N'
[similar_labels]: Labels are similar (lower/upper case difference only)
    ; warning
    @(198.12 mm, 138.43 mm): Hierarchical Label 'Out_N'
    @(139.70 mm, 250.19 mm): Global Label 'OUT_N'
[similar_labels]: Labels are similar (lower/upper case difference only)
    ; warning
    @(198.12 mm, 138.43 mm): Hierarchical Label 'Out_N'
    @(139.70 mm, 180.34 mm): Global Label 'OUT_N'
[similar_labels]: Labels are similar (lower/upper case difference only)
    ; warning
    @(198.12 mm, 138.43 mm): Hierarchical Label 'Out_N'
    @(224.79 mm, 180.34 mm): Global Label 'OUT_N'
[similar_labels]: Labels are similar (lower/upper case difference only)
    ; warning
    @(198.12 mm, 138.43 mm): Hierarchical Label 'Out_N'
    @(26.67 mm, 96.52 mm): Global Label 'OUT_N'
[similar_labels]: Labels are similar (lower/upper case difference only)
    ; warning
    @(198.12 mm, 138.43 mm): Hierarchical Label 'Out_N'
    @(139.70 mm, 74.93 mm): Global Label 'OUT_N'
[similar_labels]: Labels are similar (lower/upper case difference only)
    ; warning
    @(198.12 mm, 138.43 mm): Hierarchical Label 'Out_N'
    @(224.79 mm, 74.93 mm): Global Label 'OUT_N'
[similar_labels]: Labels are similar (lower/upper case difference only)
    ; warning
    @(198.12 mm, 138.43 mm): Hierarchical Label 'Out_N'
    @(43.18 mm, 167.64 mm): Global Label 'OUT_N'
[similar_labels]: Labels are similar (lower/upper case difference only)
    ; warning
    @(198.12 mm, 138.43 mm): Hierarchical Label 'Out_N'
    @(139.70 mm, 110.49 mm): Global Label 'OUT_N'
[similar_labels]: Labels are similar (lower/upper case difference only)
    ; warning
    @(198.12 mm, 143.51 mm): Hierarchical Label 'Out_P'
    @(139.70 mm, 72.39 mm): Global Label 'OUT_P'
[similar_labels]: Labels are similar (lower/upper case difference only)
    ; warning
    @(198.12 mm, 143.51 mm): Hierarchical Label 'Out_P'
    @(224.79 mm, 142.24 mm): Global Label 'OUT_P'
[similar_labels]: Labels are similar (lower/upper case difference only)
    ; warning
    @(198.12 mm, 143.51 mm): Hierarchical Label 'Out_P'
    @(139.70 mm, 177.80 mm): Global Label 'OUT_P'
[similar_labels]: Labels are similar (lower/upper case difference only)
    ; warning
    @(198.12 mm, 143.51 mm): Hierarchical Label 'Out_P'
    @(139.70 mm, 107.95 mm): Global Label 'OUT_P'
[similar_labels]: Labels are similar (lower/upper case difference only)
    ; warning
    @(198.12 mm, 143.51 mm): Hierarchical Label 'Out_P'
    @(43.18 mm, 162.56 mm): Global Label 'OUT_P'
[similar_labels]: Labels are similar (lower/upper case difference only)
    ; warning
    @(198.12 mm, 143.51 mm): Hierarchical Label 'Out_P'
    @(224.79 mm, 177.80 mm): Global Label 'OUT_P'
[similar_labels]: Labels are similar (lower/upper case difference only)
    ; warning
    @(198.12 mm, 143.51 mm): Hierarchical Label 'Out_P'
    @(224.79 mm, 72.39 mm): Global Label 'OUT_P'
[similar_labels]: Labels are similar (lower/upper case difference only)
    ; warning
    @(198.12 mm, 143.51 mm): Hierarchical Label 'Out_P'
    @(139.70 mm, 213.36 mm): Global Label 'OUT_P'
[similar_labels]: Labels are similar (lower/upper case difference only)
    ; warning
    @(198.12 mm, 143.51 mm): Hierarchical Label 'Out_P'
    @(139.70 mm, 142.24 mm): Global Label 'OUT_P'
[similar_labels]: Labels are similar (lower/upper case difference only)
    ; warning
    @(198.12 mm, 143.51 mm): Hierarchical Label 'Out_P'
    @(224.79 mm, 213.36 mm): Global Label 'OUT_P'
[similar_labels]: Labels are similar (lower/upper case difference only)
    ; warning
    @(198.12 mm, 143.51 mm): Hierarchical Label 'Out_P'
    @(224.79 mm, 247.65 mm): Global Label 'OUT_P'
[similar_labels]: Labels are similar (lower/upper case difference only)
    ; warning
    @(198.12 mm, 143.51 mm): Hierarchical Label 'Out_P'
    @(26.67 mm, 93.98 mm): Global Label 'OUT_P'
[similar_labels]: Labels are similar (lower/upper case difference only)
    ; warning
    @(198.12 mm, 143.51 mm): Hierarchical Label 'Out_P'
    @(224.79 mm, 107.95 mm): Global Label 'OUT_P'
[similar_labels]: Labels are similar (lower/upper case difference only)
    ; warning
    @(198.12 mm, 143.51 mm): Hierarchical Label 'Out_P'
    @(45.72 mm, 64.77 mm): Global Label 'OUT_P'
[similar_labels]: Labels are similar (lower/upper case difference only)
    ; warning
    @(198.12 mm, 143.51 mm): Hierarchical Label 'Out_P'
    @(26.67 mm, 82.55 mm): Global Label 'OUT_P'
[similar_labels]: Labels are similar (lower/upper case difference only)
    ; warning
    @(198.12 mm, 143.51 mm): Hierarchical Label 'Out_P'
    @(139.70 mm, 247.65 mm): Global Label 'OUT_P'

***** Sheet /Relay_group12/
[similar_labels]: Labels are similar (lower/upper case difference only)
    ; warning
    @(38.10 mm, 29.21 mm): Hierarchical Label 'Synchronous_clear'
    @(224.79 mm, 90.17 mm): Global Label 'synchronous_clear'
[similar_labels]: Labels are similar (lower/upper case difference only)
    ; warning
    @(38.10 mm, 29.21 mm): Hierarchical Label 'Synchronous_clear'
    @(139.70 mm, 54.61 mm): Global Label 'synchronous_clear'
[similar_labels]: Labels are similar (lower/upper case difference only)
    ; warning
    @(38.10 mm, 29.21 mm): Hierarchical Label 'Synchronous_clear'
    @(224.79 mm, 195.58 mm): Global Label 'synchronous_clear'
[similar_labels]: Labels are similar (lower/upper case difference only)
    ; warning
    @(38.10 mm, 29.21 mm): Hierarchical Label 'Synchronous_clear'
    @(224.79 mm, 229.87 mm): Global Label 'synchronous_clear'
[similar_labels]: Labels are similar (lower/upper case difference only)
    ; warning
    @(38.10 mm, 29.21 mm): Hierarchical Label 'Synchronous_clear'
    @(88.90 mm, 38.10 mm): Global Label 'synchronous_clear'
[similar_labels]: Labels are similar (lower/upper case difference only)
    ; warning
    @(38.10 mm, 29.21 mm): Hierarchical Label 'Synchronous_clear'
    @(139.70 mm, 160.02 mm): Global Label 'synchronous_clear'
[similar_labels]: Labels are similar (lower/upper case difference only)
    ; warning
    @(38.10 mm, 29.21 mm): Hierarchical Label 'Synchronous_clear'
    @(139.70 mm, 195.58 mm): Global Label 'synchronous_clear'
[similar_labels]: Labels are similar (lower/upper case difference only)
    ; warning
    @(38.10 mm, 29.21 mm): Hierarchical Label 'Synchronous_clear'
    @(224.79 mm, 160.02 mm): Global Label 'synchronous_clear'
[similar_labels]: Labels are similar (lower/upper case difference only)
    ; warning
    @(38.10 mm, 29.21 mm): Hierarchical Label 'Synchronous_clear'
    @(139.70 mm, 124.46 mm): Global Label 'synchronous_clear'
[similar_labels]: Labels are similar (lower/upper case difference only)
    ; warning
    @(38.10 mm, 29.21 mm): Hierarchical Label 'Synchronous_clear'
    @(139.70 mm, 229.87 mm): Global Label 'synchronous_clear'
[similar_labels]: Labels are similar (lower/upper case difference only)
    ; warning
    @(38.10 mm, 29.21 mm): Hierarchical Label 'Synchronous_clear'
    @(139.70 mm, 90.17 mm): Global Label 'synchronous_clear'
[similar_labels]: Labels are similar (lower/upper case difference only)
    ; warning
    @(38.10 mm, 29.21 mm): Hierarchical Label 'Synchronous_clear'
    @(224.79 mm, 124.46 mm): Global Label 'synchronous_clear'
[similar_labels]: Labels are similar (lower/upper case difference only)
    ; warning
    @(38.10 mm, 29.21 mm): Hierarchical Label 'Synchronous_clear'
    @(224.79 mm, 54.61 mm): Global Label 'synchronous_clear'
[similar_labels]: Labels are similar (lower/upper case difference only)
    ; warning
    @(38.10 mm, 29.21 mm): Hierarchical Label 'Synchronous_clear'
    @(80.01 mm, 135.89 mm): Global Label 'synchronous_clear'
[similar_labels]: Labels are similar (lower/upper case difference only)
    ; warning
    @(38.10 mm, 29.21 mm): Hierarchical Label 'Synchronous_clear'
    @(26.67 mm, 38.10 mm): Global Label 'synchronous_clear'
[similar_labels]: Labels are similar (lower/upper case difference only)
    ; warning
    @(72.39 mm, 137.16 mm): Hierarchical Label 'Out_N'
    @(224.79 mm, 250.19 mm): Global Label 'OUT_N'
[similar_labels]: Labels are similar (lower/upper case difference only)
    ; warning
    @(72.39 mm, 137.16 mm): Hierarchical Label 'Out_N'
    @(139.70 mm, 215.90 mm): Global Label 'OUT_N'
[similar_labels]: Labels are similar (lower/upper case difference only)
    ; warning
    @(72.39 mm, 137.16 mm): Hierarchical Label 'Out_N'
    @(224.79 mm, 110.49 mm): Global Label 'OUT_N'
[similar_labels]: Labels are similar (lower/upper case difference only)
    ; warning
    @(72.39 mm, 137.16 mm): Hierarchical Label 'Out_N'
    @(139.70 mm, 144.78 mm): Global Label 'OUT_N'
[similar_labels]: Labels are similar (lower/upper case difference only)
    ; warning
    @(72.39 mm, 137.16 mm): Hierarchical Label 'Out_N'
    @(224.79 mm, 144.78 mm): Global Label 'OUT_N'
[similar_labels]: Labels are similar (lower/upper case difference only)
    ; warning
    @(72.39 mm, 137.16 mm): Hierarchical Label 'Out_N'
    @(26.67 mm, 85.09 mm): Global Label 'OUT_N'
[similar_labels]: Labels are similar (lower/upper case difference only)
    ; warning
    @(72.39 mm, 137.16 mm): Hierarchical Label 'Out_N'
    @(45.72 mm, 69.85 mm): Global Label 'OUT_N'
[similar_labels]: Labels are similar (lower/upper case difference only)
    ; warning
    @(72.39 mm, 137.16 mm): Hierarchical Label 'Out_N'
    @(224.79 mm, 215.90 mm): Global Label 'OUT_N'
[similar_labels]: Labels are similar (lower/upper case difference only)
    ; warning
    @(72.39 mm, 137.16 mm): Hierarchical Label 'Out_N'
    @(139.70 mm, 250.19 mm): Global Label 'OUT_N'
[similar_labels]: Labels are similar (lower/upper case difference only)
    ; warning
    @(72.39 mm, 137.16 mm): Hierarchical Label 'Out_N'
    @(139.70 mm, 180.34 mm): Global Label 'OUT_N'
[similar_labels]: Labels are similar (lower/upper case difference only)
    ; warning
    @(72.39 mm, 137.16 mm): Hierarchical Label 'Out_N'
    @(224.79 mm, 180.34 mm): Global Label 'OUT_N'
[similar_labels]: Labels are similar (lower/upper case difference only)
    ; warning
    @(72.39 mm, 137.16 mm): Hierarchical Label 'Out_N'
    @(26.67 mm, 96.52 mm): Global Label 'OUT_N'
[similar_labels]: Labels are similar (lower/upper case difference only)
    ; warning
    @(72.39 mm, 137.16 mm): Hierarchical Label 'Out_N'
    @(139.70 mm, 74.93 mm): Global Label 'OUT_N'
[similar_labels]: Labels are similar (lower/upper case difference only)
    ; warning
    @(72.39 mm, 137.16 mm): Hierarchical Label 'Out_N'
    @(224.79 mm, 74.93 mm): Global Label 'OUT_N'
[similar_labels]: Labels are similar (lower/upper case difference only)
    ; warning
    @(72.39 mm, 137.16 mm): Hierarchical Label 'Out_N'
    @(43.18 mm, 167.64 mm): Global Label 'OUT_N'
[similar_labels]: Labels are similar (lower/upper case difference only)
    ; warning
    @(72.39 mm, 137.16 mm): Hierarchical Label 'Out_N'
    @(139.70 mm, 110.49 mm): Global Label 'OUT_N'
[similar_labels]: Labels are similar (lower/upper case difference only)
    ; warning
    @(72.39 mm, 142.24 mm): Hierarchical Label 'Out_P'
    @(139.70 mm, 72.39 mm): Global Label 'OUT_P'
[similar_labels]: Labels are similar (lower/upper case difference only)
    ; warning
    @(72.39 mm, 142.24 mm): Hierarchical Label 'Out_P'
    @(224.79 mm, 142.24 mm): Global Label 'OUT_P'
[similar_labels]: Labels are similar (lower/upper case difference only)
    ; warning
    @(72.39 mm, 142.24 mm): Hierarchical Label 'Out_P'
    @(139.70 mm, 177.80 mm): Global Label 'OUT_P'
[similar_labels]: Labels are similar (lower/upper case difference only)
    ; warning
    @(72.39 mm, 142.24 mm): Hierarchical Label 'Out_P'
    @(139.70 mm, 107.95 mm): Global Label 'OUT_P'
[similar_labels]: Labels are similar (lower/upper case difference only)
    ; warning
    @(72.39 mm, 142.24 mm): Hierarchical Label 'Out_P'
    @(43.18 mm, 162.56 mm): Global Label 'OUT_P'
[similar_labels]: Labels are similar (lower/upper case difference only)
    ; warning
    @(72.39 mm, 142.24 mm): Hierarchical Label 'Out_P'
    @(224.79 mm, 177.80 mm): Global Label 'OUT_P'
[similar_labels]: Labels are similar (lower/upper case difference only)
    ; warning
    @(72.39 mm, 142.24 mm): Hierarchical Label 'Out_P'
    @(224.79 mm, 72.39 mm): Global Label 'OUT_P'
[similar_labels]: Labels are similar (lower/upper case difference only)
    ; warning
    @(72.39 mm, 142.24 mm): Hierarchical Label 'Out_P'
    @(139.70 mm, 213.36 mm): Global Label 'OUT_P'
[similar_labels]: Labels are similar (lower/upper case difference only)
    ; warning
    @(72.39 mm, 142.24 mm): Hierarchical Label 'Out_P'
    @(139.70 mm, 142.24 mm): Global Label 'OUT_P'
[similar_labels]: Labels are similar (lower/upper case difference only)
    ; warning
    @(72.39 mm, 142.24 mm): Hierarchical Label 'Out_P'
    @(224.79 mm, 213.36 mm): Global Label 'OUT_P'
[similar_labels]: Labels are similar (lower/upper case difference only)
    ; warning
    @(72.39 mm, 142.24 mm): Hierarchical Label 'Out_P'
    @(224.79 mm, 247.65 mm): Global Label 'OUT_P'
[similar_labels]: Labels are similar (lower/upper case difference only)
    ; warning
    @(72.39 mm, 142.24 mm): Hierarchical Label 'Out_P'
    @(26.67 mm, 93.98 mm): Global Label 'OUT_P'
[similar_labels]: Labels are similar (lower/upper case difference only)
    ; warning
    @(72.39 mm, 142.24 mm): Hierarchical Label 'Out_P'
    @(224.79 mm, 107.95 mm): Global Label 'OUT_P'
[similar_labels]: Labels are similar (lower/upper case difference only)
    ; warning
    @(72.39 mm, 142.24 mm): Hierarchical Label 'Out_P'
    @(45.72 mm, 64.77 mm): Global Label 'OUT_P'
[similar_labels]: Labels are similar (lower/upper case difference only)
    ; warning
    @(72.39 mm, 142.24 mm): Hierarchical Label 'Out_P'
    @(26.67 mm, 82.55 mm): Global Label 'OUT_P'
[similar_labels]: Labels are similar (lower/upper case difference only)
    ; warning
    @(72.39 mm, 142.24 mm): Hierarchical Label 'Out_P'
    @(139.70 mm, 247.65 mm): Global Label 'OUT_P'
[similar_labels]: Labels are similar (lower/upper case difference only)
    ; warning
    @(198.12 mm, 138.43 mm): Hierarchical Label 'Out_N'
    @(224.79 mm, 250.19 mm): Global Label 'OUT_N'
[similar_labels]: Labels are similar (lower/upper case difference only)
    ; warning
    @(198.12 mm, 138.43 mm): Hierarchical Label 'Out_N'
    @(139.70 mm, 215.90 mm): Global Label 'OUT_N'
[similar_labels]: Labels are similar (lower/upper case difference only)
    ; warning
    @(198.12 mm, 138.43 mm): Hierarchical Label 'Out_N'
    @(224.79 mm, 110.49 mm): Global Label 'OUT_N'
[similar_labels]: Labels are similar (lower/upper case difference only)
    ; warning
    @(198.12 mm, 138.43 mm): Hierarchical Label 'Out_N'
    @(139.70 mm, 144.78 mm): Global Label 'OUT_N'
[similar_labels]: Labels are similar (lower/upper case difference only)
    ; warning
    @(198.12 mm, 138.43 mm): Hierarchical Label 'Out_N'
    @(224.79 mm, 144.78 mm): Global Label 'OUT_N'
[similar_labels]: Labels are similar (lower/upper case difference only)
    ; warning
    @(198.12 mm, 138.43 mm): Hierarchical Label 'Out_N'
    @(26.67 mm, 85.09 mm): Global Label 'OUT_N'
[similar_labels]: Labels are similar (lower/upper case difference only)
    ; warning
    @(198.12 mm, 138.43 mm): Hierarchical Label 'Out_N'
    @(45.72 mm, 69.85 mm): Global Label 'OUT_N'
[similar_labels]: Labels are similar (lower/upper case difference only)
    ; warning
    @(198.12 mm, 138.43 mm): Hierarchical Label 'Out_N'
    @(224.79 mm, 215.90 mm): Global Label 'OUT_N'
[similar_labels]: Labels are similar (lower/upper case difference only)
    ; warning
    @(198.12 mm, 138.43 mm): Hierarchical Label 'Out_N'
    @(139.70 mm, 250.19 mm): Global Label 'OUT_N'
[similar_labels]: Labels are similar (lower/upper case difference only)
    ; warning
    @(198.12 mm, 138.43 mm): Hierarchical Label 'Out_N'
    @(139.70 mm, 180.34 mm): Global Label 'OUT_N'
[similar_labels]: Labels are similar (lower/upper case difference only)
    ; warning
    @(198.12 mm, 138.43 mm): Hierarchical Label 'Out_N'
    @(224.79 mm, 180.34 mm): Global Label 'OUT_N'
[similar_labels]: Labels are similar (lower/upper case difference only)
    ; warning
    @(198.12 mm, 138.43 mm): Hierarchical Label 'Out_N'
    @(26.67 mm, 96.52 mm): Global Label 'OUT_N'
[similar_labels]: Labels are similar (lower/upper case difference only)
    ; warning
    @(198.12 mm, 138.43 mm): Hierarchical Label 'Out_N'
    @(139.70 mm, 74.93 mm): Global Label 'OUT_N'
[similar_labels]: Labels are similar (lower/upper case difference only)
    ; warning
    @(198.12 mm, 138.43 mm): Hierarchical Label 'Out_N'
    @(224.79 mm, 74.93 mm): Global Label 'OUT_N'
[similar_labels]: Labels are similar (lower/upper case difference only)
    ; warning
    @(198.12 mm, 138.43 mm): Hierarchical Label 'Out_N'
    @(43.18 mm, 167.64 mm): Global Label 'OUT_N'
[similar_labels]: Labels are similar (lower/upper case difference only)
    ; warning
    @(198.12 mm, 138.43 mm): Hierarchical Label 'Out_N'
    @(139.70 mm, 110.49 mm): Global Label 'OUT_N'
[similar_labels]: Labels are similar (lower/upper case difference only)
    ; warning
    @(198.12 mm, 143.51 mm): Hierarchical Label 'Out_P'
    @(139.70 mm, 72.39 mm): Global Label 'OUT_P'
[similar_labels]: Labels are similar (lower/upper case difference only)
    ; warning
    @(198.12 mm, 143.51 mm): Hierarchical Label 'Out_P'
    @(224.79 mm, 142.24 mm): Global Label 'OUT_P'
[similar_labels]: Labels are similar (lower/upper case difference only)
    ; warning
    @(198.12 mm, 143.51 mm): Hierarchical Label 'Out_P'
    @(139.70 mm, 177.80 mm): Global Label 'OUT_P'
[similar_labels]: Labels are similar (lower/upper case difference only)
    ; warning
    @(198.12 mm, 143.51 mm): Hierarchical Label 'Out_P'
    @(139.70 mm, 107.95 mm): Global Label 'OUT_P'
[similar_labels]: Labels are similar (lower/upper case difference only)
    ; warning
    @(198.12 mm, 143.51 mm): Hierarchical Label 'Out_P'
    @(43.18 mm, 162.56 mm): Global Label 'OUT_P'
[similar_labels]: Labels are similar (lower/upper case difference only)
    ; warning
    @(198.12 mm, 143.51 mm): Hierarchical Label 'Out_P'
    @(224.79 mm, 177.80 mm): Global Label 'OUT_P'
[similar_labels]: Labels are similar (lower/upper case difference only)
    ; warning
    @(198.12 mm, 143.51 mm): Hierarchical Label 'Out_P'
    @(224.79 mm, 72.39 mm): Global Label 'OUT_P'
[similar_labels]: Labels are similar (lower/upper case difference only)
    ; warning
    @(198.12 mm, 143.51 mm): Hierarchical Label 'Out_P'
    @(139.70 mm, 213.36 mm): Global Label 'OUT_P'
[similar_labels]: Labels are similar (lower/upper case difference only)
    ; warning
    @(198.12 mm, 143.51 mm): Hierarchical Label 'Out_P'
    @(139.70 mm, 142.24 mm): Global Label 'OUT_P'
[similar_labels]: Labels are similar (lower/upper case difference only)
    ; warning
    @(198.12 mm, 143.51 mm): Hierarchical Label 'Out_P'
    @(224.79 mm, 213.36 mm): Global Label 'OUT_P'
[similar_labels]: Labels are similar (lower/upper case difference only)
    ; warning
    @(198.12 mm, 143.51 mm): Hierarchical Label 'Out_P'
    @(224.79 mm, 247.65 mm): Global Label 'OUT_P'
[similar_labels]: Labels are similar (lower/upper case difference only)
    ; warning
    @(198.12 mm, 143.51 mm): Hierarchical Label 'Out_P'
    @(26.67 mm, 93.98 mm): Global Label 'OUT_P'
[similar_labels]: Labels are similar (lower/upper case difference only)
    ; warning
    @(198.12 mm, 143.51 mm): Hierarchical Label 'Out_P'
    @(224.79 mm, 107.95 mm): Global Label 'OUT_P'
[similar_labels]: Labels are similar (lower/upper case difference only)
    ; warning
    @(198.12 mm, 143.51 mm): Hierarchical Label 'Out_P'
    @(45.72 mm, 64.77 mm): Global Label 'OUT_P'
[similar_labels]: Labels are similar (lower/upper case difference only)
    ; warning
    @(198.12 mm, 143.51 mm): Hierarchical Label 'Out_P'
    @(26.67 mm, 82.55 mm): Global Label 'OUT_P'
[similar_labels]: Labels are similar (lower/upper case difference only)
    ; warning
    @(198.12 mm, 143.51 mm): Hierarchical Label 'Out_P'
    @(139.70 mm, 247.65 mm): Global Label 'OUT_P'

 ** ERC messages: 1019  Errors 3  Warnings 1016
